DELETE FROM `creature_questrelation` WHERE `quest` = 10313;
DELETE FROM `gameobject_questrelation` WHERE `quest` = 10313;
UPDATE `item_template` SET `StartQuest`=0 WHERE `StartQuest` = 10313;
INSERT INTO `creature_questrelation` (`id`, `quest`) VALUES (19466, 10313);
UPDATE `creature_template` SET `npcflag`=`npcflag`|2 WHERE `entry` = 19466;
DELETE FROM `creature_involvedrelation` WHERE `quest` = 10313;
DELETE FROM `gameobject_involvedrelation` WHERE `quest` = 10313;
INSERT INTO `creature_involvedrelation` (`id`, `quest`) VALUES (19466, 10313);
UPDATE `creature_template` SET `npcflag`=`npcflag`|2 WHERE `entry`=19466;
REPLACE INTO `quest_template` (`entry`, `Method`, `ZoneOrSort`, `SkillOrClass`, `MinLevel`, `QuestLevel`, `Type`, `RequiredRaces`, `RequiredSkillValue`, `RepObjectiveFaction`, `RepObjectiveValue`, `RequiredMinRepFaction`, `RequiredMinRepValue`, `RequiredMaxRepFaction`, `RequiredMaxRepValue`, `SuggestedPlayers`, `LimitTime`, `QuestFlags`, `SpecialFlags`, `CharTitleId`, `PlayersSlain`, `BonusTalents`, `PrevQuestId`, `NextQuestId`, `ExclusiveGroup`, `NextQuestInChain`, `SrcItemId`, `SrcItemCount`, `SrcSpell`, `Title`, `Details`, `Objectives`, `OfferRewardText`, `RequestItemsText`, `EndText`, `ObjectiveText1`, `ObjectiveText2`, `ObjectiveText3`, `ObjectiveText4`, `ReqItemId1`, `ReqItemId2`, `ReqItemId3`, `ReqItemId4`, `ReqItemCount1`, `ReqItemCount2`, `ReqItemCount3`, `ReqItemCount4`, `ReqSourceCount1`, `ReqSourceCount2`, `ReqSourceCount3`, `ReqSourceCount4`, `ReqSourceId1`, `ReqSourceId2`, `ReqSourceId3`, `ReqSourceId4`, `ReqCreatureOrGOId1`, `ReqCreatureOrGOId2`, `ReqCreatureOrGOId3`, `ReqCreatureOrGOId4`, `ReqCreatureOrGOCount1`, `ReqCreatureOrGOCount2`, `ReqCreatureOrGOCount3`, `ReqCreatureOrGOCount4`, `ReqSpellCast1`, `ReqSpellCast2`, `ReqSpellCast3`, `ReqSpellCast4`, `RewChoiceItemId1`, `RewChoiceItemId2`, `RewChoiceItemId3`, `RewChoiceItemId4`, `RewChoiceItemId5`, `RewChoiceItemId6`, `RewChoiceItemCount1`, `RewChoiceItemCount2`, `RewChoiceItemCount3`, `RewChoiceItemCount4`, `RewChoiceItemCount5`, `RewChoiceItemCount6`, `RewItemId1`, `RewItemId2`, `RewItemId3`, `RewItemId4`, `RewItemCount1`, `RewItemCount2`, `RewItemCount3`, `RewItemCount4`, `RewRepFaction1`, `RewRepFaction2`, `RewRepFaction3`, `RewRepFaction4`, `RewRepFaction5`, `RewRepValue1`, `RewRepValue2`, `RewRepValue3`, `RewRepValue4`, `RewRepValue5`, `RewHonorableKills`, `RewOrReqMoney`, `RewMoneyMaxLevel`, `RewSpell`, `RewSpellCast`, `RewMailTemplateId`, `RewMailDelaySecs`, `PointMapId`, `PointX`, `PointY`, `PointOpt`, `DetailsEmote1`, `DetailsEmote2`, `DetailsEmote3`, `DetailsEmote4`, `IncompleteEmote`, `CompleteEmote`, `OfferRewardEmote1`, `OfferRewardEmote2`, `OfferRewardEmote3`, `OfferRewardEmote4`, `StartScript`, `CompleteScript`) VALUES (10313, 2, 3523, 0, 67, 68, 0, 0, 0, 0, 0, 0, 0, 0, 0, 0, 0, 136, 0, 0, 0, 0, 10241, 10328, -10313, 0, 29324, 1, 0, 'Measuring Warp Energies', 'If our instincts are right and these manaforges have been made using technology from Tempest Keep, then all of Outland could be in grave danger.$B$BTempest Keep\'s energy-recharging mechanisms were never supposed to be used this close to the land.  The warp energies are capable of destroying this very land, even when contained within Kael\'s pipelines.$B$BTake this orb to Manaforge B\'naar; it is attuned to measure warp energies.  Use it at the pipelines\' ends, where they go into the earth.', 'Exarch Orelis in Area 52 wants you to take the Warp-Attuned Orb to Manaforge B\'naar and use it at the end of its four pipelines.$B$BPerforming quests for the Aldor will cause your Scryers reputation level to decrease.', 'This is grave news, $N.  The warp energies emanating from the pipelines are dangerously high.$B$BWe must find a way to shut down the manaforges or what little remains of Outland will be shattered into pieces.', 'Have you performed the measurements I asked for, $N?', '', 'Northern Pipeline Measured', 'Eastern Pipeline Measured', 'Southern Pipeline Measured', 'Western Pipeline Measured', 0, 0, 0, 29324, 0, 0, 0, 1, 0, 0, 0, 0, 0, 0, 0, 0, 0, 0, 0, 0, 0, 0, 0, 0, 0, 0, 0, 0, 30362, 30363, 30364, 30521, 0, 0, 1, 1, 1, 1, 0, 0, 0, 0, 0, 0, 0, 0, 0, 0, 932, 934, 0, 0, 935, 250, -275, 0, 0, 125, 0, 0, 72000, 0, 0, 0, 0, 0, 0, 0, 0, 0, 0, 0, 0, 0, 0, 0, 0, 0, 0, 0, 0);

DELETE FROM `creature_questrelation` WHERE `quest` = 12211;
DELETE FROM `gameobject_questrelation` WHERE `quest` = 12211;
UPDATE `item_template` SET `StartQuest`=0 WHERE `StartQuest` = 12211;
INSERT INTO `creature_questrelation` (`id`, `quest`) VALUES (27248, 12211);
UPDATE `creature_template` SET `npcflag`=`npcflag`|2 WHERE `entry` = 27248;
DELETE FROM `creature_involvedrelation` WHERE `quest` = 12211;
DELETE FROM `gameobject_involvedrelation` WHERE `quest` = 12211;
INSERT INTO `creature_involvedrelation` (`id`, `quest`) VALUES (27248, 12211);
UPDATE `creature_template` SET `npcflag`=`npcflag`|2 WHERE `entry`=27248;
REPLACE INTO `quest_template` (`entry`, `Method`, `ZoneOrSort`, `SkillOrClass`, `MinLevel`, `QuestLevel`, `Type`, `RequiredRaces`, `RequiredSkillValue`, `RepObjectiveFaction`, `RepObjectiveValue`, `RequiredMinRepFaction`, `RequiredMinRepValue`, `RequiredMaxRepFaction`, `RequiredMaxRepValue`, `SuggestedPlayers`, `LimitTime`, `QuestFlags`, `SpecialFlags`, `CharTitleId`, `PlayersSlain`, `BonusTalents`, `PrevQuestId`, `NextQuestId`, `ExclusiveGroup`, `NextQuestInChain`, `SrcItemId`, `SrcItemCount`, `SrcSpell`, `Title`, `Details`, `Objectives`, `OfferRewardText`, `RequestItemsText`, `EndText`, `ObjectiveText1`, `ObjectiveText2`, `ObjectiveText3`, `ObjectiveText4`, `ReqItemId1`, `ReqItemId2`, `ReqItemId3`, `ReqItemId4`, `ReqItemCount1`, `ReqItemCount2`, `ReqItemCount3`, `ReqItemCount4`, `ReqSourceCount1`, `ReqSourceCount2`, `ReqSourceCount3`, `ReqSourceCount4`, `ReqSourceId1`, `ReqSourceId2`, `ReqSourceId3`, `ReqSourceId4`, `ReqCreatureOrGOId1`, `ReqCreatureOrGOId2`, `ReqCreatureOrGOId3`, `ReqCreatureOrGOId4`, `ReqCreatureOrGOCount1`, `ReqCreatureOrGOCount2`, `ReqCreatureOrGOCount3`, `ReqCreatureOrGOCount4`, `ReqSpellCast1`, `ReqSpellCast2`, `ReqSpellCast3`, `ReqSpellCast4`, `RewChoiceItemId1`, `RewChoiceItemId2`, `RewChoiceItemId3`, `RewChoiceItemId4`, `RewChoiceItemId5`, `RewChoiceItemId6`, `RewChoiceItemCount1`, `RewChoiceItemCount2`, `RewChoiceItemCount3`, `RewChoiceItemCount4`, `RewChoiceItemCount5`, `RewChoiceItemCount6`, `RewItemId1`, `RewItemId2`, `RewItemId3`, `RewItemId4`, `RewItemCount1`, `RewItemCount2`, `RewItemCount3`, `RewItemCount4`, `RewRepFaction1`, `RewRepFaction2`, `RewRepFaction3`, `RewRepFaction4`, `RewRepFaction5`, `RewRepValue1`, `RewRepValue2`, `RewRepValue3`, `RewRepValue4`, `RewRepValue5`, `RewHonorableKills`, `RewOrReqMoney`, `RewMoneyMaxLevel`, `RewSpell`, `RewSpellCast`, `RewMailTemplateId`, `RewMailDelaySecs`, `PointMapId`, `PointX`, `PointY`, `PointOpt`, `DetailsEmote1`, `DetailsEmote2`, `DetailsEmote3`, `DetailsEmote4`, `IncompleteEmote`, `CompleteEmote`, `OfferRewardEmote1`, `OfferRewardEmote2`, `OfferRewardEmote3`, `OfferRewardEmote4`, `StartScript`, `CompleteScript`) VALUES (12211, 2, 65, 0, 71, 72, 0, 690, 0, 0, 0, 0, 0, 0, 0, 0, 0, 128, 0, 0, 0, 0, 0, 0, 0, 0, 37187, 1, 0, 'Let Them Not Rise!', 'I don\'t understand it. The blight should have worked!$B$BNo sense worrying about it now.$B$B<The apothecary seems relieved for some reason.>$B$BThough it doesn\'t work on the Onslaught for some strange reason, we still need to keep their priests from raising them.$B$BI have another idea, one that their corpses shouldn\'t have any protection from.$B$B$N, take a container of my rats and unleash them upon any Onslaught corpses you come across at New Hearthglen. I starve the vermin, so they should be voracious!', 'Apothecary Vicky Levine at Venomspite has asked you to use her Container of Rats to pick clean the corpses of 15 Scarlet Onslaught members at New Hearthglen.', 'Oh good! For a moment I thought I was going to have to test the rats out on someone to make sure that they weren\'t defective.$B$BProgress, finally!', '', '', 'Scarlet Onslaught corpses picked clean', '', '', '', 0, 0, 0, 0, 0, 0, 0, 0, 0, 0, 0, 0, 0, 0, 0, 0, 0, 0, 0, 0, 0, 0, 0, 0, 0, 0, 0, 0, 37971, 38014, 38057, 38118, 0, 0, 1, 1, 1, 1, 0, 0, 0, 0, 0, 0, 0, 0, 0, 0, 1067, 0, 0, 0, 0, 250, 0, 0, 0, 0, 0, 50000, 121800, 0, 0, 0, 0, 0, 0, 0, 0, 0, 0, 0, 0, 0, 0, 0, 0, 0, 0, 0, 0);

DELETE FROM `creature_questrelation` WHERE `quest` = 11205;
DELETE FROM `gameobject_questrelation` WHERE `quest` = 11205;
UPDATE `item_template` SET `StartQuest`=0 WHERE `StartQuest` = 11205;
INSERT INTO `creature_questrelation` (`id`, `quest`) VALUES (6546, 11205);
UPDATE `creature_template` SET `npcflag`=`npcflag`|2 WHERE `entry` = 6546;
DELETE FROM `creature_involvedrelation` WHERE `quest` = 11205;
DELETE FROM `gameobject_involvedrelation` WHERE `quest` = 11205;
INSERT INTO `creature_involvedrelation` (`id`, `quest`) VALUES (6546, 11205);
UPDATE `creature_template` SET `npcflag`=`npcflag`|2 WHERE `entry`=6546;
REPLACE INTO `quest_template` (`entry`, `Method`, `ZoneOrSort`, `SkillOrClass`, `MinLevel`, `QuestLevel`, `Type`, `RequiredRaces`, `RequiredSkillValue`, `RepObjectiveFaction`, `RepObjectiveValue`, `RequiredMinRepFaction`, `RequiredMinRepValue`, `RequiredMaxRepFaction`, `RequiredMaxRepValue`, `SuggestedPlayers`, `LimitTime`, `QuestFlags`, `SpecialFlags`, `CharTitleId`, `PlayersSlain`, `BonusTalents`, `PrevQuestId`, `NextQuestId`, `ExclusiveGroup`, `NextQuestInChain`, `SrcItemId`, `SrcItemCount`, `SrcSpell`, `Title`, `Details`, `Objectives`, `OfferRewardText`, `RequestItemsText`, `EndText`, `ObjectiveText1`, `ObjectiveText2`, `ObjectiveText3`, `ObjectiveText4`, `ReqItemId1`, `ReqItemId2`, `ReqItemId3`, `ReqItemId4`, `ReqItemCount1`, `ReqItemCount2`, `ReqItemCount3`, `ReqItemCount4`, `ReqSourceCount1`, `ReqSourceCount2`, `ReqSourceCount3`, `ReqSourceCount4`, `ReqSourceId1`, `ReqSourceId2`, `ReqSourceId3`, `ReqSourceId4`, `ReqCreatureOrGOId1`, `ReqCreatureOrGOId2`, `ReqCreatureOrGOId3`, `ReqCreatureOrGOId4`, `ReqCreatureOrGOCount1`, `ReqCreatureOrGOCount2`, `ReqCreatureOrGOCount3`, `ReqCreatureOrGOCount4`, `ReqSpellCast1`, `ReqSpellCast2`, `ReqSpellCast3`, `ReqSpellCast4`, `RewChoiceItemId1`, `RewChoiceItemId2`, `RewChoiceItemId3`, `RewChoiceItemId4`, `RewChoiceItemId5`, `RewChoiceItemId6`, `RewChoiceItemCount1`, `RewChoiceItemCount2`, `RewChoiceItemCount3`, `RewChoiceItemCount4`, `RewChoiceItemCount5`, `RewChoiceItemCount6`, `RewItemId1`, `RewItemId2`, `RewItemId3`, `RewItemId4`, `RewItemCount1`, `RewItemCount2`, `RewItemCount3`, `RewItemCount4`, `RewRepFaction1`, `RewRepFaction2`, `RewRepFaction3`, `RewRepFaction4`, `RewRepFaction5`, `RewRepValue1`, `RewRepValue2`, `RewRepValue3`, `RewRepValue4`, `RewRepValue5`, `RewHonorableKills`, `RewOrReqMoney`, `RewMoneyMaxLevel`, `RewSpell`, `RewSpellCast`, `RewMailTemplateId`, `RewMailDelaySecs`, `PointMapId`, `PointX`, `PointY`, `PointOpt`, `DetailsEmote1`, `DetailsEmote2`, `DetailsEmote3`, `DetailsEmote4`, `IncompleteEmote`, `CompleteEmote`, `OfferRewardEmote1`, `OfferRewardEmote2`, `OfferRewardEmote3`, `OfferRewardEmote4`, `StartScript`, `CompleteScript`) VALUES (11205, 2, 15, 0, 30, 39, 0, 690, 0, 0, 0, 0, 0, 0, 0, 0, 0, 9, 0, 0, 0, 0, 11203, 0, 0, 11206, 33072, 1, 0, 'Raze Direhorn Post!', 'There\'s no scrying necessary to see the trouble my new "neighbors" are creating. And if this is the band that burnt down the Shady Rest Inn, as you claim, there\'s no reason to tolerate their presence any longer.$B$BTake this torch and raze their camp to the ground! You\'ll find Direhorn just to the north of my farm. You can\'t miss it, really, as the Grimtotems have done a splendid job of announcing their presence with those totems they favor.', 'Burn the North Tent, East Tent, and the Northeast Tent at Direhorn Post, then return to Tabetha at her farm.', 'The Grimtotems should have no trouble understanding our latest message.$B$BAs for you, your contact at Brackenwall Village will want to know of your success. I know the destruction of the Shady Rest Inn could be a source of tensions between the Horde and Alliance. If I encounter any investigators from Theramore, I will gladly tell them the Grimtotems acted on their own.', 'Have you put that torch to good use?', '', 'North Tent Burned', 'Northeast Tent Burned', 'East Tent Burned', '', 33072, 0, 0, 0, 1, 0, 0, 0, 0, 0, 0, 0, 0, 0, 0, 0, 0, 0, 0, 0, 0, 0, 0, 0, 0, 0, 0, 0, 0, 0, 0, 0, 0, 0, 0, 0, 0, 0, 0, 0, 0, 0, 0, 0, 0, 0, 0, 0, 0, 0, 0, 0, 0, 0, 0, 0, 0, 0, 0, 4500, 24900, 0, 0, 0, 0, 0, 0, 0, 0, 1, 1, 0, 0, 1, 1, 1, 1, 0, 0, 0, 0);

DELETE FROM `creature_questrelation` WHERE `quest` = 10857;
DELETE FROM `gameobject_questrelation` WHERE `quest` = 10857;
UPDATE `item_template` SET `StartQuest`=0 WHERE `StartQuest` = 10857;
DELETE FROM `creature_involvedrelation` WHERE `quest` = 10857;
DELETE FROM `gameobject_involvedrelation` WHERE `quest` = 10857;
REPLACE INTO `quest_template` (`entry`, `Method`, `ZoneOrSort`, `SkillOrClass`, `MinLevel`, `QuestLevel`, `Type`, `RequiredRaces`, `RequiredSkillValue`, `RepObjectiveFaction`, `RepObjectiveValue`, `RequiredMinRepFaction`, `RequiredMinRepValue`, `RequiredMaxRepFaction`, `RequiredMaxRepValue`, `SuggestedPlayers`, `LimitTime`, `QuestFlags`, `SpecialFlags`, `CharTitleId`, `PlayersSlain`, `BonusTalents`, `PrevQuestId`, `NextQuestId`, `ExclusiveGroup`, `NextQuestInChain`, `SrcItemId`, `SrcItemCount`, `SrcSpell`, `Title`, `Details`, `Objectives`, `OfferRewardText`, `RequestItemsText`, `EndText`, `ObjectiveText1`, `ObjectiveText2`, `ObjectiveText3`, `ObjectiveText4`, `ReqItemId1`, `ReqItemId2`, `ReqItemId3`, `ReqItemId4`, `ReqItemCount1`, `ReqItemCount2`, `ReqItemCount3`, `ReqItemCount4`, `ReqSourceCount1`, `ReqSourceCount2`, `ReqSourceCount3`, `ReqSourceCount4`, `ReqSourceId1`, `ReqSourceId2`, `ReqSourceId3`, `ReqSourceId4`, `ReqCreatureOrGOId1`, `ReqCreatureOrGOId2`, `ReqCreatureOrGOId3`, `ReqCreatureOrGOId4`, `ReqCreatureOrGOCount1`, `ReqCreatureOrGOCount2`, `ReqCreatureOrGOCount3`, `ReqCreatureOrGOCount4`, `ReqSpellCast1`, `ReqSpellCast2`, `ReqSpellCast3`, `ReqSpellCast4`, `RewChoiceItemId1`, `RewChoiceItemId2`, `RewChoiceItemId3`, `RewChoiceItemId4`, `RewChoiceItemId5`, `RewChoiceItemId6`, `RewChoiceItemCount1`, `RewChoiceItemCount2`, `RewChoiceItemCount3`, `RewChoiceItemCount4`, `RewChoiceItemCount5`, `RewChoiceItemCount6`, `RewItemId1`, `RewItemId2`, `RewItemId3`, `RewItemId4`, `RewItemCount1`, `RewItemCount2`, `RewItemCount3`, `RewItemCount4`, `RewRepFaction1`, `RewRepFaction2`, `RewRepFaction3`, `RewRepFaction4`, `RewRepFaction5`, `RewRepValue1`, `RewRepValue2`, `RewRepValue3`, `RewRepValue4`, `RewRepValue5`, `RewHonorableKills`, `RewOrReqMoney`, `RewMoneyMaxLevel`, `RewSpell`, `RewSpellCast`, `RewMailTemplateId`, `RewMailDelaySecs`, `PointMapId`, `PointX`, `PointY`, `PointOpt`, `DetailsEmote1`, `DetailsEmote2`, `DetailsEmote3`, `DetailsEmote4`, `IncompleteEmote`, `CompleteEmote`, `OfferRewardEmote1`, `OfferRewardEmote2`, `OfferRewardEmote3`, `OfferRewardEmote4`, `StartScript`, `CompleteScript`) VALUES (10857, 2, 3523, 0, 67, 69, 0, 0, 0, 0, 0, 0, 0, 0, 0, 0, 0, 137, 0, 0, 0, 0, 10856, 0, 0, 0, 31678, 1, 0, 'Teleport This!', 'As fun as killing demons might be, it does us little good when the Legion can keep using its teleporters to replace anything we kill.$B$BUnfortunately, I don\'t have any high-powered explosives handy... but the mo\'arg that maintain the teleporters do.$B$BTake this rod... I\'ve tuned its powers to interfere with mo\'arg brain frequencies.  Return to Forge Base: Gehenna and use it on any Mo\'arg you see.  You won\'t have long, but you\'ll be able to use their demolition charges on the nearby teleporters.', 'Nether-Stalker Nauthis wants you to use the Mental Interference Rod on the Mo\'arg at Forge Base: Gehenna and use their Detonate Teleporter ability on the three teleporters in the forge camp.', 'Thanks to you, $N, I\'ll breathe a little easier. Figure of speech, of course!$B$BI suppose you\'ll want some form of reward now.', '', '', 'Western Teleporter Destroyed', 'Central Teleporter Destroyed', 'Eastern Teleporter Destroyed', '', 0, 0, 0, 0, 0, 0, 0, 0, 0, 0, 0, 0, 0, 0, 0, 0, 0, 0, 0, 0, 0, 0, 0, 0, 0, 0, 0, 0, 31701, 31700, 31703, 31699, 0, 0, 1, 1, 1, 1, 0, 0, 0, 0, 0, 0, 0, 0, 0, 0, 933, 0, 0, 0, 0, 350, 0, 0, 0, 0, 0, 0, 92400, 0, 0, 0, 0, 0, 0, 0, 0, 0, 0, 0, 0, 0, 0, 0, 0, 0, 0, 0, 0);

DELETE FROM `creature_questrelation` WHERE `quest` = 9444;
DELETE FROM `gameobject_questrelation` WHERE `quest` = 9444;
UPDATE `item_template` SET `StartQuest`=0 WHERE `StartQuest` = 9444;
INSERT INTO `creature_questrelation` (`id`, `quest`) VALUES (17099, 9444);
UPDATE `creature_template` SET `npcflag`=`npcflag`|2 WHERE `entry` = 17099;
DELETE FROM `creature_involvedrelation` WHERE `quest` = 9444;
DELETE FROM `gameobject_involvedrelation` WHERE `quest` = 9444;
INSERT INTO `creature_involvedrelation` (`id`, `quest`) VALUES (17099, 9444);
UPDATE `creature_template` SET `npcflag`=`npcflag`|2 WHERE `entry`=17099;
REPLACE INTO `quest_template` (`entry`, `Method`, `ZoneOrSort`, `SkillOrClass`, `MinLevel`, `QuestLevel`, `Type`, `RequiredRaces`, `RequiredSkillValue`, `RepObjectiveFaction`, `RepObjectiveValue`, `RequiredMinRepFaction`, `RequiredMinRepValue`, `RequiredMaxRepFaction`, `RequiredMaxRepValue`, `SuggestedPlayers`, `LimitTime`, `QuestFlags`, `SpecialFlags`, `CharTitleId`, `PlayersSlain`, `BonusTalents`, `PrevQuestId`, `NextQuestId`, `ExclusiveGroup`, `NextQuestInChain`, `SrcItemId`, `SrcItemCount`, `SrcSpell`, `Title`, `Details`, `Objectives`, `OfferRewardText`, `RequestItemsText`, `EndText`, `ObjectiveText1`, `ObjectiveText2`, `ObjectiveText3`, `ObjectiveText4`, `ReqItemId1`, `ReqItemId2`, `ReqItemId3`, `ReqItemId4`, `ReqItemCount1`, `ReqItemCount2`, `ReqItemCount3`, `ReqItemCount4`, `ReqSourceCount1`, `ReqSourceCount2`, `ReqSourceCount3`, `ReqSourceCount4`, `ReqSourceId1`, `ReqSourceId2`, `ReqSourceId3`, `ReqSourceId4`, `ReqCreatureOrGOId1`, `ReqCreatureOrGOId2`, `ReqCreatureOrGOId3`, `ReqCreatureOrGOId4`, `ReqCreatureOrGOCount1`, `ReqCreatureOrGOCount2`, `ReqCreatureOrGOCount3`, `ReqCreatureOrGOCount4`, `ReqSpellCast1`, `ReqSpellCast2`, `ReqSpellCast3`, `ReqSpellCast4`, `RewChoiceItemId1`, `RewChoiceItemId2`, `RewChoiceItemId3`, `RewChoiceItemId4`, `RewChoiceItemId5`, `RewChoiceItemId6`, `RewChoiceItemCount1`, `RewChoiceItemCount2`, `RewChoiceItemCount3`, `RewChoiceItemCount4`, `RewChoiceItemCount5`, `RewChoiceItemCount6`, `RewItemId1`, `RewItemId2`, `RewItemId3`, `RewItemId4`, `RewItemCount1`, `RewItemCount2`, `RewItemCount3`, `RewItemCount4`, `RewRepFaction1`, `RewRepFaction2`, `RewRepFaction3`, `RewRepFaction4`, `RewRepFaction5`, `RewRepValue1`, `RewRepValue2`, `RewRepValue3`, `RewRepValue4`, `RewRepValue5`, `RewHonorableKills`, `RewOrReqMoney`, `RewMoneyMaxLevel`, `RewSpell`, `RewSpellCast`, `RewMailTemplateId`, `RewMailDelaySecs`, `PointMapId`, `PointX`, `PointY`, `PointOpt`, `DetailsEmote1`, `DetailsEmote2`, `DetailsEmote3`, `DetailsEmote4`, `IncompleteEmote`, `CompleteEmote`, `OfferRewardEmote1`, `OfferRewardEmote2`, `OfferRewardEmote3`, `OfferRewardEmote4`, `StartScript`, `CompleteScript`) VALUES (9444, 2, 28, 0, 55, 58, 41, 690, 0, 0, 0, 0, 0, 0, 0, 0, 0, 0, 0, 0, 0, 0, 9443, 0, 0, 0, 23691, 1, 0, 'Defiling Uther\'s Tomb', 'There, that\'s better.  I\'ve added a little fel magic to it.$B$BNow, you must take it to his resting place in the Western Plaguelands.  Use the corrupted holy symbol in the presence of Uther\'s statue to defile his tomb!  You\'ll have to get close for it to work.$B$BTo find the tomb go southeast of the Ruins of Andorhal.  Return to me when the deed is done.$B$BBe quick about it, $c!', 'Defile Uther\'s Tomb and return to Mehlar Dawnblade at the Bulwark in the Western Plaguelands.', 'Forgives me?  He FORGIVES ME?!!!$B$BI don\'t care what that old ghost had to say - it was his fault!  Everything that\'s happened to Quel\'Thalas was a result of his incompetence!$B$BIt is clear that the defiling did not work.  Go, be gone from my sight!  I must think this through.', 'It is done, then?  Uther\'s Tomb is defiled?', '', 'Uther\'s Tomb Defiled', '', '', '', 0, 23691, 0, 0, 0, 1, 0, 0, 0, 0, 0, 0, 0, 0, 0, 0, 0, 0, 0, 0, 0, 0, 0, 0, 0, 0, 0, 0, 0, 0, 0, 0, 0, 0, 0, 0, 0, 0, 0, 0, 0, 0, 0, 0, 0, 0, 0, 0, 68, 81, 911, 76, 530, 88, 87, 350, 88, 88, 0, 17500, 67500, 0, 0, 0, 0, 0, 0, 0, 0, 0, 0, 0, 0, 0, 1, 0, 0, 0, 0, 0, 0);

DELETE FROM `creature_questrelation` WHERE `quest` = 12563;
DELETE FROM `gameobject_questrelation` WHERE `quest` = 12563;
UPDATE `item_template` SET `StartQuest`=0 WHERE `StartQuest` = 12563;
INSERT INTO `creature_questrelation` (`id`, `quest`) VALUES (28039, 12563);
UPDATE `creature_template` SET `npcflag`=`npcflag`|2 WHERE `entry` = 28039;
DELETE FROM `creature_involvedrelation` WHERE `quest` = 12563;
DELETE FROM `gameobject_involvedrelation` WHERE `quest` = 12563;
INSERT INTO `creature_involvedrelation` (`id`, `quest`) VALUES (28039, 12563);
UPDATE `creature_template` SET `npcflag`=`npcflag`|2 WHERE `entry`=28039;
REPLACE INTO `quest_template` (`entry`, `Method`, `ZoneOrSort`, `SkillOrClass`, `MinLevel`, `QuestLevel`, `Type`, `RequiredRaces`, `RequiredSkillValue`, `RepObjectiveFaction`, `RepObjectiveValue`, `RequiredMinRepFaction`, `RequiredMinRepValue`, `RequiredMaxRepFaction`, `RequiredMaxRepValue`, `SuggestedPlayers`, `LimitTime`, `QuestFlags`, `SpecialFlags`, `CharTitleId`, `PlayersSlain`, `BonusTalents`, `PrevQuestId`, `NextQuestId`, `ExclusiveGroup`, `NextQuestInChain`, `SrcItemId`, `SrcItemCount`, `SrcSpell`, `Title`, `Details`, `Objectives`, `OfferRewardText`, `RequestItemsText`, `EndText`, `ObjectiveText1`, `ObjectiveText2`, `ObjectiveText3`, `ObjectiveText4`, `ReqItemId1`, `ReqItemId2`, `ReqItemId3`, `ReqItemId4`, `ReqItemCount1`, `ReqItemCount2`, `ReqItemCount3`, `ReqItemCount4`, `ReqSourceCount1`, `ReqSourceCount2`, `ReqSourceCount3`, `ReqSourceCount4`, `ReqSourceId1`, `ReqSourceId2`, `ReqSourceId3`, `ReqSourceId4`, `ReqCreatureOrGOId1`, `ReqCreatureOrGOId2`, `ReqCreatureOrGOId3`, `ReqCreatureOrGOId4`, `ReqCreatureOrGOCount1`, `ReqCreatureOrGOCount2`, `ReqCreatureOrGOCount3`, `ReqCreatureOrGOCount4`, `ReqSpellCast1`, `ReqSpellCast2`, `ReqSpellCast3`, `ReqSpellCast4`, `RewChoiceItemId1`, `RewChoiceItemId2`, `RewChoiceItemId3`, `RewChoiceItemId4`, `RewChoiceItemId5`, `RewChoiceItemId6`, `RewChoiceItemCount1`, `RewChoiceItemCount2`, `RewChoiceItemCount3`, `RewChoiceItemCount4`, `RewChoiceItemCount5`, `RewChoiceItemCount6`, `RewItemId1`, `RewItemId2`, `RewItemId3`, `RewItemId4`, `RewItemCount1`, `RewItemCount2`, `RewItemCount3`, `RewItemCount4`, `RewRepFaction1`, `RewRepFaction2`, `RewRepFaction3`, `RewRepFaction4`, `RewRepFaction5`, `RewRepValue1`, `RewRepValue2`, `RewRepValue3`, `RewRepValue4`, `RewRepValue5`, `RewHonorableKills`, `RewOrReqMoney`, `RewMoneyMaxLevel`, `RewSpell`, `RewSpellCast`, `RewMailTemplateId`, `RewMailDelaySecs`, `PointMapId`, `PointX`, `PointY`, `PointOpt`, `DetailsEmote1`, `DetailsEmote2`, `DetailsEmote3`, `DetailsEmote4`, `IncompleteEmote`, `CompleteEmote`, `OfferRewardEmote1`, `OfferRewardEmote2`, `OfferRewardEmote3`, `OfferRewardEmote4`, `StartScript`, `CompleteScript`) VALUES (12563, 2, 66, 0, 75, 76, 0, 0, 0, 0, 0, 0, 0, 0, 0, 0, 0, 4224, 1, 0, 0, 0, 0, 0, 0, 0, 0, 0, 0, 'Troll Patrol', 'Unsheathe that weapon, $r. It\'s time to go on patrol!$b$bI\'ve got four posts under my command and it\'s crucial to our success that they remain in our control. I\'m ordering you to visit each of them and offer your assistance.$b$bYou can begin with Captain Brandon southeast of here. He\'ll direct you to the next post when he\'s finished with you.$b$bReport back to me once you\'ve assisted each of my men. And remember, you\'ll be more richly rewarded for returning to me quickly - so double-time it!$b$bDismissed!', 'Commander Kunz at the Argent Stand wants you to visit the four Argent Crusade posts, follow their captain\'s orders, and then return and report to him.$b$bCaptain Brandon and Captain Rupert are posted at Drak\'Sotra, Captain Grondel is posted in Drak\'Agal, and Alchemist Finklestein is posted in Heb\'Valok.', '', '', '', 'Captain Brandon\'s Task', 'Captain Rupert\'s Task', 'Captain Grondel\'s Task', 'Alchemist Finklestein\'s Task', 0, 0, 0, 0, 0, 0, 0, 0, 0, 0, 0, 0, 0, 0, 0, 0, 0, 0, 0, 0, 0, 0, 0, 0, 0, 0, 0, 0, 0, 0, 0, 0, 0, 0, 0, 0, 0, 0, 0, 0, 0, 0, 0, 0, 0, 0, 0, 0, 1106, 0, 0, 0, 0, 350, 0, 0, 0, 0, 0, 62000, 126900, 0, 0, 0, 0, 0, 0, 0, 0, 0, 0, 0, 0, 0, 0, 0, 0, 0, 0, 0, 0);

DELETE FROM `creature_questrelation` WHERE `quest` = 11150;
DELETE FROM `gameobject_questrelation` WHERE `quest` = 11150;
UPDATE `item_template` SET `StartQuest`=0 WHERE `StartQuest` = 11150;
INSERT INTO `creature_questrelation` (`id`, `quest`) VALUES (6546, 11150);
UPDATE `creature_template` SET `npcflag`=`npcflag`|2 WHERE `entry` = 6546;
DELETE FROM `creature_involvedrelation` WHERE `quest` = 11150;
DELETE FROM `gameobject_involvedrelation` WHERE `quest` = 11150;
INSERT INTO `creature_involvedrelation` (`id`, `quest`) VALUES (6546, 11150);
UPDATE `creature_template` SET `npcflag`=`npcflag`|2 WHERE `entry`=6546;
REPLACE INTO `quest_template` (`entry`, `Method`, `ZoneOrSort`, `SkillOrClass`, `MinLevel`, `QuestLevel`, `Type`, `RequiredRaces`, `RequiredSkillValue`, `RepObjectiveFaction`, `RepObjectiveValue`, `RequiredMinRepFaction`, `RequiredMinRepValue`, `RequiredMaxRepFaction`, `RequiredMaxRepValue`, `SuggestedPlayers`, `LimitTime`, `QuestFlags`, `SpecialFlags`, `CharTitleId`, `PlayersSlain`, `BonusTalents`, `PrevQuestId`, `NextQuestId`, `ExclusiveGroup`, `NextQuestInChain`, `SrcItemId`, `SrcItemCount`, `SrcSpell`, `Title`, `Details`, `Objectives`, `OfferRewardText`, `RequestItemsText`, `EndText`, `ObjectiveText1`, `ObjectiveText2`, `ObjectiveText3`, `ObjectiveText4`, `ReqItemId1`, `ReqItemId2`, `ReqItemId3`, `ReqItemId4`, `ReqItemCount1`, `ReqItemCount2`, `ReqItemCount3`, `ReqItemCount4`, `ReqSourceCount1`, `ReqSourceCount2`, `ReqSourceCount3`, `ReqSourceCount4`, `ReqSourceId1`, `ReqSourceId2`, `ReqSourceId3`, `ReqSourceId4`, `ReqCreatureOrGOId1`, `ReqCreatureOrGOId2`, `ReqCreatureOrGOId3`, `ReqCreatureOrGOId4`, `ReqCreatureOrGOCount1`, `ReqCreatureOrGOCount2`, `ReqCreatureOrGOCount3`, `ReqCreatureOrGOCount4`, `ReqSpellCast1`, `ReqSpellCast2`, `ReqSpellCast3`, `ReqSpellCast4`, `RewChoiceItemId1`, `RewChoiceItemId2`, `RewChoiceItemId3`, `RewChoiceItemId4`, `RewChoiceItemId5`, `RewChoiceItemId6`, `RewChoiceItemCount1`, `RewChoiceItemCount2`, `RewChoiceItemCount3`, `RewChoiceItemCount4`, `RewChoiceItemCount5`, `RewChoiceItemCount6`, `RewItemId1`, `RewItemId2`, `RewItemId3`, `RewItemId4`, `RewItemCount1`, `RewItemCount2`, `RewItemCount3`, `RewItemCount4`, `RewRepFaction1`, `RewRepFaction2`, `RewRepFaction3`, `RewRepFaction4`, `RewRepFaction5`, `RewRepValue1`, `RewRepValue2`, `RewRepValue3`, `RewRepValue4`, `RewRepValue5`, `RewHonorableKills`, `RewOrReqMoney`, `RewMoneyMaxLevel`, `RewSpell`, `RewSpellCast`, `RewMailTemplateId`, `RewMailDelaySecs`, `PointMapId`, `PointX`, `PointY`, `PointOpt`, `DetailsEmote1`, `DetailsEmote2`, `DetailsEmote3`, `DetailsEmote4`, `IncompleteEmote`, `CompleteEmote`, `OfferRewardEmote1`, `OfferRewardEmote2`, `OfferRewardEmote3`, `OfferRewardEmote4`, `StartScript`, `CompleteScript`) VALUES (11150, 2, 15, 0, 30, 39, 0, 1101, 0, 0, 0, 0, 0, 0, 0, 0, 0, 9, 0, 0, 0, 0, 11149, 0, 0, 11151, 33072, 1, 0, 'Raze Direhorn Post!', 'There\'s no scrying necessary to see the trouble my new "neighbors" are creating. And if this is the band that burnt down the Shady Rest Inn, as you claim, there\'s no reason to tolerate their presence any longer.$B$BTake this torch and raze their camp to the ground! You\'ll find Direhorn just to the north of my farm. You can\'t miss it, really, as the Grimtotems have done a splendid job of announcing their presence with those totems they favor.', 'Burn the North Tent, East Tent, and the Northeast Tent at Direhorn Post, then return to Tabetha at her farm.', 'I hope the Grimtotems got the message. Any attempt to return will be met with far worse than a mere torch. My apprentices and I will see to that.', 'Have you put that torch to good use?', '', 'North Tent Burned', 'Northeast Tent Burned', 'East Tent Burned', '', 0, 0, 0, 33072, 0, 0, 0, 1, 0, 0, 0, 0, 0, 0, 0, 0, 0, 0, 0, 0, 0, 0, 0, 0, 0, 0, 0, 0, 0, 0, 0, 0, 0, 0, 0, 0, 0, 0, 0, 0, 0, 0, 0, 0, 0, 0, 0, 0, 0, 0, 0, 0, 0, 0, 0, 0, 0, 0, 0, 4500, 24900, 0, 0, 0, 0, 0, 0, 0, 0, 1, 0, 0, 0, 1, 1, 1, 0, 0, 0, 0, 0);

DELETE FROM `creature_questrelation` WHERE `quest` = 9805;
DELETE FROM `gameobject_questrelation` WHERE `quest` = 9805;
UPDATE `item_template` SET `StartQuest`=0 WHERE `StartQuest` = 9805;
INSERT INTO `creature_questrelation` (`id`, `quest`) VALUES (18073, 9805);
UPDATE `creature_template` SET `npcflag`=`npcflag`|2 WHERE `entry` = 18073;
DELETE FROM `creature_involvedrelation` WHERE `quest` = 9805;
DELETE FROM `gameobject_involvedrelation` WHERE `quest` = 9805;
INSERT INTO `creature_involvedrelation` (`id`, `quest`) VALUES (18073, 9805);
UPDATE `creature_template` SET `npcflag`=`npcflag`|2 WHERE `entry`=18073;
REPLACE INTO `quest_template` (`entry`, `Method`, `ZoneOrSort`, `SkillOrClass`, `MinLevel`, `QuestLevel`, `Type`, `RequiredRaces`, `RequiredSkillValue`, `RepObjectiveFaction`, `RepObjectiveValue`, `RequiredMinRepFaction`, `RequiredMinRepValue`, `RequiredMaxRepFaction`, `RequiredMaxRepValue`, `SuggestedPlayers`, `LimitTime`, `QuestFlags`, `SpecialFlags`, `CharTitleId`, `PlayersSlain`, `BonusTalents`, `PrevQuestId`, `NextQuestId`, `ExclusiveGroup`, `NextQuestInChain`, `SrcItemId`, `SrcItemCount`, `SrcSpell`, `Title`, `Details`, `Objectives`, `OfferRewardText`, `RequestItemsText`, `EndText`, `ObjectiveText1`, `ObjectiveText2`, `ObjectiveText3`, `ObjectiveText4`, `ReqItemId1`, `ReqItemId2`, `ReqItemId3`, `ReqItemId4`, `ReqItemCount1`, `ReqItemCount2`, `ReqItemCount3`, `ReqItemCount4`, `ReqSourceCount1`, `ReqSourceCount2`, `ReqSourceCount3`, `ReqSourceCount4`, `ReqSourceId1`, `ReqSourceId2`, `ReqSourceId3`, `ReqSourceId4`, `ReqCreatureOrGOId1`, `ReqCreatureOrGOId2`, `ReqCreatureOrGOId3`, `ReqCreatureOrGOId4`, `ReqCreatureOrGOCount1`, `ReqCreatureOrGOCount2`, `ReqCreatureOrGOCount3`, `ReqCreatureOrGOCount4`, `ReqSpellCast1`, `ReqSpellCast2`, `ReqSpellCast3`, `ReqSpellCast4`, `RewChoiceItemId1`, `RewChoiceItemId2`, `RewChoiceItemId3`, `RewChoiceItemId4`, `RewChoiceItemId5`, `RewChoiceItemId6`, `RewChoiceItemCount1`, `RewChoiceItemCount2`, `RewChoiceItemCount3`, `RewChoiceItemCount4`, `RewChoiceItemCount5`, `RewChoiceItemCount6`, `RewItemId1`, `RewItemId2`, `RewItemId3`, `RewItemId4`, `RewItemCount1`, `RewItemCount2`, `RewItemCount3`, `RewItemCount4`, `RewRepFaction1`, `RewRepFaction2`, `RewRepFaction3`, `RewRepFaction4`, `RewRepFaction5`, `RewRepValue1`, `RewRepValue2`, `RewRepValue3`, `RewRepValue4`, `RewRepValue5`, `RewHonorableKills`, `RewOrReqMoney`, `RewMoneyMaxLevel`, `RewSpell`, `RewSpellCast`, `RewMailTemplateId`, `RewMailDelaySecs`, `PointMapId`, `PointX`, `PointY`, `PointOpt`, `DetailsEmote1`, `DetailsEmote2`, `DetailsEmote3`, `DetailsEmote4`, `IncompleteEmote`, `CompleteEmote`, `OfferRewardEmote1`, `OfferRewardEmote2`, `OfferRewardEmote3`, `OfferRewardEmote4`, `StartScript`, `CompleteScript`) VALUES (9805, 2, 3518, 0, 64, 65, 0, 0, 0, 0, 0, 0, 0, 0, 0, 0, 0, 0, 0, 0, 0, 0, 9804, 0, 0, 9810, 24467, 1, 0, 'Blessing of Incineratus', 'The wretched Lost Ones, heretofore banished to the swamps of Zangarmarsh, are seeking to spread their filth to other parts of our world.$B$BI have sought the wisdom of the furies and gained their blessing. To stop the source, we must unleash the elements upon them!$B$BI give you living fire, plucked from the fiery essence of Incineratus himself. Travel to Windyreed Village, southeast of here, and unleash the living fire upon their huts! Let them see the fury of the elements!', 'Elementalist Lo\'ap at the Throne of the Elements in Nagrand wants you to destroy the Large Hut, the Western Hut, the Southern Hut and the Eastern Hut at Windyreed Village.$B$BReturn the Living Fire to Elementalist Lo\'ap when the task is complete.', 'Your efforts have stifled the spread of pollution but other troubles have surfaced.', 'With great shame I tell you that it is my own kin who seek to drudge up the waters of Nagrand and create marshland.', '', 'Large Hut Destroyed', 'Western Hut Destroyed', 'Southern Hut Destroyed', 'Eastern Hut Destroyed', 0, 0, 0, 24467, 0, 0, 0, 1, 0, 0, 0, 0, 0, 0, 0, 0, 0, 0, 0, 0, 0, 0, 0, 0, 0, 0, 0, 0, 0, 0, 0, 0, 0, 0, 0, 0, 0, 0, 0, 0, 0, 0, 0, 0, 0, 0, 0, 0, 0, 0, 0, 0, 0, 0, 0, 0, 0, 0, 0, 0, 66000, 0, 0, 0, 0, 0, 0, 0, 0, 0, 0, 0, 0, 0, 0, 0, 0, 0, 0, 0, 0);

DELETE FROM `creature_questrelation` WHERE `quest` = 9720;
DELETE FROM `gameobject_questrelation` WHERE `quest` = 9720;
UPDATE `item_template` SET `StartQuest`=0 WHERE `StartQuest` = 9720;
INSERT INTO `creature_questrelation` (`id`, `quest`) VALUES (17841, 9720);
UPDATE `creature_template` SET `npcflag`=`npcflag`|2 WHERE `entry` = 17841;
DELETE FROM `creature_involvedrelation` WHERE `quest` = 9720;
DELETE FROM `gameobject_involvedrelation` WHERE `quest` = 9720;
INSERT INTO `creature_involvedrelation` (`id`, `quest`) VALUES (17841, 9720);
UPDATE `creature_template` SET `npcflag`=`npcflag`|2 WHERE `entry`=17841;
REPLACE INTO `quest_template` (`entry`, `Method`, `ZoneOrSort`, `SkillOrClass`, `MinLevel`, `QuestLevel`, `Type`, `RequiredRaces`, `RequiredSkillValue`, `RepObjectiveFaction`, `RepObjectiveValue`, `RequiredMinRepFaction`, `RequiredMinRepValue`, `RequiredMaxRepFaction`, `RequiredMaxRepValue`, `SuggestedPlayers`, `LimitTime`, `QuestFlags`, `SpecialFlags`, `CharTitleId`, `PlayersSlain`, `BonusTalents`, `PrevQuestId`, `NextQuestId`, `ExclusiveGroup`, `NextQuestInChain`, `SrcItemId`, `SrcItemCount`, `SrcSpell`, `Title`, `Details`, `Objectives`, `OfferRewardText`, `RequestItemsText`, `EndText`, `ObjectiveText1`, `ObjectiveText2`, `ObjectiveText3`, `ObjectiveText4`, `ReqItemId1`, `ReqItemId2`, `ReqItemId3`, `ReqItemId4`, `ReqItemCount1`, `ReqItemCount2`, `ReqItemCount3`, `ReqItemCount4`, `ReqSourceCount1`, `ReqSourceCount2`, `ReqSourceCount3`, `ReqSourceCount4`, `ReqSourceId1`, `ReqSourceId2`, `ReqSourceId3`, `ReqSourceId4`, `ReqCreatureOrGOId1`, `ReqCreatureOrGOId2`, `ReqCreatureOrGOId3`, `ReqCreatureOrGOId4`, `ReqCreatureOrGOCount1`, `ReqCreatureOrGOCount2`, `ReqCreatureOrGOCount3`, `ReqCreatureOrGOCount4`, `ReqSpellCast1`, `ReqSpellCast2`, `ReqSpellCast3`, `ReqSpellCast4`, `RewChoiceItemId1`, `RewChoiceItemId2`, `RewChoiceItemId3`, `RewChoiceItemId4`, `RewChoiceItemId5`, `RewChoiceItemId6`, `RewChoiceItemCount1`, `RewChoiceItemCount2`, `RewChoiceItemCount3`, `RewChoiceItemCount4`, `RewChoiceItemCount5`, `RewChoiceItemCount6`, `RewItemId1`, `RewItemId2`, `RewItemId3`, `RewItemId4`, `RewItemCount1`, `RewItemCount2`, `RewItemCount3`, `RewItemCount4`, `RewRepFaction1`, `RewRepFaction2`, `RewRepFaction3`, `RewRepFaction4`, `RewRepFaction5`, `RewRepValue1`, `RewRepValue2`, `RewRepValue3`, `RewRepValue4`, `RewRepValue5`, `RewHonorableKills`, `RewOrReqMoney`, `RewMoneyMaxLevel`, `RewSpell`, `RewSpellCast`, `RewMailTemplateId`, `RewMailDelaySecs`, `PointMapId`, `PointX`, `PointY`, `PointOpt`, `DetailsEmote1`, `DetailsEmote2`, `DetailsEmote3`, `DetailsEmote4`, `IncompleteEmote`, `CompleteEmote`, `OfferRewardEmote1`, `OfferRewardEmote2`, `OfferRewardEmote3`, `OfferRewardEmote4`, `StartScript`, `CompleteScript`) VALUES (9720, 2, 3521, 0, 61, 64, 0, 0, 0, 0, 0, 0, 0, 0, 0, 0, 0, 137, 0, 0, 0, 0, 9718, 0, 0, 0, 24355, 1, 0, 'Balance Must Be Preserved', 'I cannot begin to comprehend why the naga would drain the water out of their own habitat.  What I do understand is a need to put a stop to their operations.$B$BThese seeds carry with them the rage of the earth.  Take them to the steam pumps operated by the naga and use them on their controls.$B$BThe vines that grow from the seeds will be as thick as your arm and as strong as iron.  Go, $N.  Restore the balance that the naga have upset.', 'Ysiel Windsinger wants you to use the Ironvine Seeds on the Steam Pump Controls at Serpent Lake, Umbrafen Lake, Marshlight Lake and the Lagoon.  Then return to her at the Cenarion Refuge in Zangarmarsh with any leftover seeds you have.', 'It is done, then.  The marsh has been saved for now.$B$BDon\'t think for a second that this will be the last we hear of the naga.  We must remain vigilant of our enemy as we continue with our mission in Outland.  ', 'Is it done, $C?', '', 'Umbrafen Lake Controls Disabled', 'Marshlight Lake Controls Disabled', 'Serpent Lake Controls Disabled', 'Lagoon Controls Disabled', 24355, 0, 0, 0, 1, 0, 0, 0, 0, 0, 0, 0, 0, 0, 0, 0, 0, 0, 0, 0, 0, 0, 0, 0, 0, 0, 0, 0, 0, 0, 0, 0, 0, 0, 0, 0, 0, 0, 0, 0, 0, 0, 0, 0, 0, 0, 0, 0, 942, 0, 0, 0, 0, 350, 0, 0, 0, 0, 0, 31000, 80100, 0, 0, 0, 0, 0, 0, 0, 0, 0, 0, 0, 0, 0, 1, 0, 0, 0, 0, 0, 0);

DELETE FROM `creature_questrelation` WHERE `quest` = 12596;
DELETE FROM `gameobject_questrelation` WHERE `quest` = 12596;
UPDATE `item_template` SET `StartQuest`=0 WHERE `StartQuest` = 12596;
INSERT INTO `creature_questrelation` (`id`, `quest`) VALUES (28039, 12596);
UPDATE `creature_template` SET `npcflag`=`npcflag`|2 WHERE `entry` = 28039;
DELETE FROM `creature_involvedrelation` WHERE `quest` = 12596;
DELETE FROM `gameobject_involvedrelation` WHERE `quest` = 12596;
INSERT INTO `creature_involvedrelation` (`id`, `quest`) VALUES (28039, 12596);
UPDATE `creature_template` SET `npcflag`=`npcflag`|2 WHERE `entry`=28039;
REPLACE INTO `quest_template` (`entry`, `Method`, `ZoneOrSort`, `SkillOrClass`, `MinLevel`, `QuestLevel`, `Type`, `RequiredRaces`, `RequiredSkillValue`, `RepObjectiveFaction`, `RepObjectiveValue`, `RequiredMinRepFaction`, `RequiredMinRepValue`, `RequiredMaxRepFaction`, `RequiredMaxRepValue`, `SuggestedPlayers`, `LimitTime`, `QuestFlags`, `SpecialFlags`, `CharTitleId`, `PlayersSlain`, `BonusTalents`, `PrevQuestId`, `NextQuestId`, `ExclusiveGroup`, `NextQuestInChain`, `SrcItemId`, `SrcItemCount`, `SrcSpell`, `Title`, `Details`, `Objectives`, `OfferRewardText`, `RequestItemsText`, `EndText`, `ObjectiveText1`, `ObjectiveText2`, `ObjectiveText3`, `ObjectiveText4`, `ReqItemId1`, `ReqItemId2`, `ReqItemId3`, `ReqItemId4`, `ReqItemCount1`, `ReqItemCount2`, `ReqItemCount3`, `ReqItemCount4`, `ReqSourceCount1`, `ReqSourceCount2`, `ReqSourceCount3`, `ReqSourceCount4`, `ReqSourceId1`, `ReqSourceId2`, `ReqSourceId3`, `ReqSourceId4`, `ReqCreatureOrGOId1`, `ReqCreatureOrGOId2`, `ReqCreatureOrGOId3`, `ReqCreatureOrGOId4`, `ReqCreatureOrGOCount1`, `ReqCreatureOrGOCount2`, `ReqCreatureOrGOCount3`, `ReqCreatureOrGOCount4`, `ReqSpellCast1`, `ReqSpellCast2`, `ReqSpellCast3`, `ReqSpellCast4`, `RewChoiceItemId1`, `RewChoiceItemId2`, `RewChoiceItemId3`, `RewChoiceItemId4`, `RewChoiceItemId5`, `RewChoiceItemId6`, `RewChoiceItemCount1`, `RewChoiceItemCount2`, `RewChoiceItemCount3`, `RewChoiceItemCount4`, `RewChoiceItemCount5`, `RewChoiceItemCount6`, `RewItemId1`, `RewItemId2`, `RewItemId3`, `RewItemId4`, `RewItemCount1`, `RewItemCount2`, `RewItemCount3`, `RewItemCount4`, `RewRepFaction1`, `RewRepFaction2`, `RewRepFaction3`, `RewRepFaction4`, `RewRepFaction5`, `RewRepValue1`, `RewRepValue2`, `RewRepValue3`, `RewRepValue4`, `RewRepValue5`, `RewHonorableKills`, `RewOrReqMoney`, `RewMoneyMaxLevel`, `RewSpell`, `RewSpellCast`, `RewMailTemplateId`, `RewMailDelaySecs`, `PointMapId`, `PointX`, `PointY`, `PointOpt`, `DetailsEmote1`, `DetailsEmote2`, `DetailsEmote3`, `DetailsEmote4`, `IncompleteEmote`, `CompleteEmote`, `OfferRewardEmote1`, `OfferRewardEmote2`, `OfferRewardEmote3`, `OfferRewardEmote4`, `StartScript`, `CompleteScript`) VALUES (12596, 2, 66, 0, 74, 76, 0, 0, 0, 0, 0, 0, 0, 0, 0, 0, 0, 128, 0, 0, 0, 0, 0, 0, 0, 0, 0, 0, 0, 'Pa\'Troll', 'Welcome to The Argent Stand, scrub. I am Commander Kunz, but you - you can call me... Commander.$b$bDon\'t think you\'re going to just cruise through my region, picking which missions you\'re going to participate in, answering to no one.$b$bHere, you report to me and you follow my orders to the letter. Understood?!$b$bFirst, you\'re going to get familiar with my men and the region we\'re charged with clearing.$b$bReport to each of them and do as they ask. Return to me when your patrol is done.', 'Commander Kunz at The Argent Stand wants you to visit the four Argent Crusade posts, follow their leaders\' orders, and then return and report to him.$b$bCaptain Brandon and Captain Rupert are posted at Drak\'Sotra, Southeast of here.$b$bCaptain Grondel is posted in Drak\'Agal, due east.$b$bAlchemist Finklestein is posted in Heb\'Valok, to the north.', 'It\'s about time you got your carcass back here! Thought we\'d lost ya to the Scourge - not that it would\'ve been a great loss....$B$BIf you\'re going to continue to serve the Crusade, you\'d best make a more impressive showing.$B$BTake note, $r! Your future patrols will be rewarded based on your timeliness.$B$BDismissed.', '', '', 'Captain Brandon\'s Task', 'Captain Rupert\'s Task', 'Captain Grondel\'s Task', 'Alchemist Finklestein\'s Task', 0, 0, 0, 0, 0, 0, 0, 0, 0, 0, 0, 0, 0, 0, 0, 0, 0, 0, 0, 0, 0, 0, 0, 0, 0, 0, 0, 0, 39800, 39864, 39850, 39851, 39827, 0, 1, 1, 1, 1, 1, 0, 0, 0, 0, 0, 0, 0, 0, 0, 1106, 0, 0, 0, 0, 250, 0, 0, 0, 0, 0, 62000, 126900, 0, 0, 0, 0, 0, 0, 0, 0, 0, 0, 0, 0, 0, 0, 0, 0, 0, 0, 0, 0);

DELETE FROM `creature_questrelation` WHERE `quest` = 12501;
DELETE FROM `gameobject_questrelation` WHERE `quest` = 12501;
UPDATE `item_template` SET `StartQuest`=0 WHERE `StartQuest` = 12501;
INSERT INTO `creature_questrelation` (`id`, `quest`) VALUES (28039, 12501);
UPDATE `creature_template` SET `npcflag`=`npcflag`|2 WHERE `entry` = 28039;
DELETE FROM `creature_involvedrelation` WHERE `quest` = 12501;
DELETE FROM `gameobject_involvedrelation` WHERE `quest` = 12501;
INSERT INTO `creature_involvedrelation` (`id`, `quest`) VALUES (28039, 12501);
UPDATE `creature_template` SET `npcflag`=`npcflag`|2 WHERE `entry`=28039;
REPLACE INTO `quest_template` (`entry`, `Method`, `ZoneOrSort`, `SkillOrClass`, `MinLevel`, `QuestLevel`, `Type`, `RequiredRaces`, `RequiredSkillValue`, `RepObjectiveFaction`, `RepObjectiveValue`, `RequiredMinRepFaction`, `RequiredMinRepValue`, `RequiredMaxRepFaction`, `RequiredMaxRepValue`, `SuggestedPlayers`, `LimitTime`, `QuestFlags`, `SpecialFlags`, `CharTitleId`, `PlayersSlain`, `BonusTalents`, `PrevQuestId`, `NextQuestId`, `ExclusiveGroup`, `NextQuestInChain`, `SrcItemId`, `SrcItemCount`, `SrcSpell`, `Title`, `Details`, `Objectives`, `OfferRewardText`, `RequestItemsText`, `EndText`, `ObjectiveText1`, `ObjectiveText2`, `ObjectiveText3`, `ObjectiveText4`, `ReqItemId1`, `ReqItemId2`, `ReqItemId3`, `ReqItemId4`, `ReqItemCount1`, `ReqItemCount2`, `ReqItemCount3`, `ReqItemCount4`, `ReqSourceCount1`, `ReqSourceCount2`, `ReqSourceCount3`, `ReqSourceCount4`, `ReqSourceId1`, `ReqSourceId2`, `ReqSourceId3`, `ReqSourceId4`, `ReqCreatureOrGOId1`, `ReqCreatureOrGOId2`, `ReqCreatureOrGOId3`, `ReqCreatureOrGOId4`, `ReqCreatureOrGOCount1`, `ReqCreatureOrGOCount2`, `ReqCreatureOrGOCount3`, `ReqCreatureOrGOCount4`, `ReqSpellCast1`, `ReqSpellCast2`, `ReqSpellCast3`, `ReqSpellCast4`, `RewChoiceItemId1`, `RewChoiceItemId2`, `RewChoiceItemId3`, `RewChoiceItemId4`, `RewChoiceItemId5`, `RewChoiceItemId6`, `RewChoiceItemCount1`, `RewChoiceItemCount2`, `RewChoiceItemCount3`, `RewChoiceItemCount4`, `RewChoiceItemCount5`, `RewChoiceItemCount6`, `RewItemId1`, `RewItemId2`, `RewItemId3`, `RewItemId4`, `RewItemCount1`, `RewItemCount2`, `RewItemCount3`, `RewItemCount4`, `RewRepFaction1`, `RewRepFaction2`, `RewRepFaction3`, `RewRepFaction4`, `RewRepFaction5`, `RewRepValue1`, `RewRepValue2`, `RewRepValue3`, `RewRepValue4`, `RewRepValue5`, `RewHonorableKills`, `RewOrReqMoney`, `RewMoneyMaxLevel`, `RewSpell`, `RewSpellCast`, `RewMailTemplateId`, `RewMailDelaySecs`, `PointMapId`, `PointX`, `PointY`, `PointOpt`, `DetailsEmote1`, `DetailsEmote2`, `DetailsEmote3`, `DetailsEmote4`, `IncompleteEmote`, `CompleteEmote`, `OfferRewardEmote1`, `OfferRewardEmote2`, `OfferRewardEmote3`, `OfferRewardEmote4`, `StartScript`, `CompleteScript`) VALUES (12501, 2, 66, 0, 74, 76, 0, 0, 0, 0, 0, 0, 0, 0, 0, 0, 0, 4224, 1, 0, 0, 0, 12596, 0, 0, 0, 0, 0, 0, 'Troll Patrol', 'Unsheathe that weapon, $r. It\'s time to go on patrol!$b$bI\'ve got four posts under my command and it\'s crucial to our success that they remain in our control. I\'m ordering you to visit each of them and offer your assistance.$b$bYou can begin with Captain Brandon southeast of here. He\'ll direct you to the next post when he\'s finished with you.$b$bReport back to me once you\'ve assisted each of my men. And remember, you\'ll be more richly rewarded for returning to me quickly - so double-time it!$b$bDismissed!', 'Commander Kunz at the Argent Stand wants you to visit the four Argent Crusade posts, follow their captain\'s orders, and then return and report to him.$b$bCaptain Brandon and Captain Rupert are posted at Drak\'Sotra, Captain Grondel is posted in Drak\'Agal, and Alchemist Finklestein is posted in Heb\'Valok.', 'Well, $N, at least you\'ve made it back in one piece. I suppose that\'s worth something....', '', '', 'Captain Brandon\'s Task', 'Captain Rupert\'s Task', 'Captain Grondel\'s Task', 'Alchemist Finklestein\'s\'s Task', 0, 0, 0, 0, 0, 0, 0, 0, 0, 0, 0, 0, 0, 0, 0, 0, 0, 0, 0, 0, 0, 0, 0, 0, 0, 0, 0, 0, 0, 0, 0, 0, 0, 0, 0, 0, 0, 0, 0, 0, 0, 0, 0, 0, 0, 0, 0, 0, 1106, 0, 0, 0, 0, 350, 0, 0, 0, 0, 0, 62000, 126900, 0, 0, 0, 0, 0, 0, 0, 0, 0, 0, 0, 0, 0, 0, 0, 0, 0, 0, 0, 0);

DELETE FROM `creature_questrelation` WHERE `quest` = 11547;
DELETE FROM `gameobject_questrelation` WHERE `quest` = 11547;
UPDATE `item_template` SET `StartQuest`=0 WHERE `StartQuest` = 11547;
INSERT INTO `creature_questrelation` (`id`, `quest`) VALUES (25133, 11547);
UPDATE `creature_template` SET `npcflag`=`npcflag`|2 WHERE `entry` = 25133;
DELETE FROM `creature_involvedrelation` WHERE `quest` = 11547;
DELETE FROM `gameobject_involvedrelation` WHERE `quest` = 11547;
INSERT INTO `creature_involvedrelation` (`id`, `quest`) VALUES (25133, 11547);
UPDATE `creature_template` SET `npcflag`=`npcflag`|2 WHERE `entry`=25133;
REPLACE INTO `quest_template` (`entry`, `Method`, `ZoneOrSort`, `SkillOrClass`, `MinLevel`, `QuestLevel`, `Type`, `RequiredRaces`, `RequiredSkillValue`, `RepObjectiveFaction`, `RepObjectiveValue`, `RequiredMinRepFaction`, `RequiredMinRepValue`, `RequiredMaxRepFaction`, `RequiredMaxRepValue`, `SuggestedPlayers`, `LimitTime`, `QuestFlags`, `SpecialFlags`, `CharTitleId`, `PlayersSlain`, `BonusTalents`, `PrevQuestId`, `NextQuestId`, `ExclusiveGroup`, `NextQuestInChain`, `SrcItemId`, `SrcItemCount`, `SrcSpell`, `Title`, `Details`, `Objectives`, `OfferRewardText`, `RequestItemsText`, `EndText`, `ObjectiveText1`, `ObjectiveText2`, `ObjectiveText3`, `ObjectiveText4`, `ReqItemId1`, `ReqItemId2`, `ReqItemId3`, `ReqItemId4`, `ReqItemCount1`, `ReqItemCount2`, `ReqItemCount3`, `ReqItemCount4`, `ReqSourceCount1`, `ReqSourceCount2`, `ReqSourceCount3`, `ReqSourceCount4`, `ReqSourceId1`, `ReqSourceId2`, `ReqSourceId3`, `ReqSourceId4`, `ReqCreatureOrGOId1`, `ReqCreatureOrGOId2`, `ReqCreatureOrGOId3`, `ReqCreatureOrGOId4`, `ReqCreatureOrGOCount1`, `ReqCreatureOrGOCount2`, `ReqCreatureOrGOCount3`, `ReqCreatureOrGOCount4`, `ReqSpellCast1`, `ReqSpellCast2`, `ReqSpellCast3`, `ReqSpellCast4`, `RewChoiceItemId1`, `RewChoiceItemId2`, `RewChoiceItemId3`, `RewChoiceItemId4`, `RewChoiceItemId5`, `RewChoiceItemId6`, `RewChoiceItemCount1`, `RewChoiceItemCount2`, `RewChoiceItemCount3`, `RewChoiceItemCount4`, `RewChoiceItemCount5`, `RewChoiceItemCount6`, `RewItemId1`, `RewItemId2`, `RewItemId3`, `RewItemId4`, `RewItemCount1`, `RewItemCount2`, `RewItemCount3`, `RewItemCount4`, `RewRepFaction1`, `RewRepFaction2`, `RewRepFaction3`, `RewRepFaction4`, `RewRepFaction5`, `RewRepValue1`, `RewRepValue2`, `RewRepValue3`, `RewRepValue4`, `RewRepValue5`, `RewHonorableKills`, `RewOrReqMoney`, `RewMoneyMaxLevel`, `RewSpell`, `RewSpellCast`, `RewMailTemplateId`, `RewMailDelaySecs`, `PointMapId`, `PointX`, `PointY`, `PointOpt`, `DetailsEmote1`, `DetailsEmote2`, `DetailsEmote3`, `DetailsEmote4`, `IncompleteEmote`, `CompleteEmote`, `OfferRewardEmote1`, `OfferRewardEmote2`, `OfferRewardEmote3`, `OfferRewardEmote4`, `StartScript`, `CompleteScript`) VALUES (11547, 2, 4080, 0, 70, 70, 0, 0, 0, 0, 0, 0, 0, 0, 0, 0, 0, 4232, 1, 0, 0, 0, 0, 0, 0, 0, 34533, 1, 0, 'Know Your Ley Lines', 'Freeloaders!$B$BYou all want instant gratification - never giving thought to the effort required to create even the simplest of portals.$B$BPerhaps a little education will instill a bit of gratitude for my ceaseless efforts.$B$BTake this crystal. Attune it to the Bloodcrystal to the west, at the Dawning Square portal just south of here, and at the naga shrine at Greengill Coast to the southeast.$B$BPerhaps then you\'ll appreciate your precious translocations....', 'Astromancer Darnarian in the Sun\'s Reach Sanctum wants you to use the Astromancer\'s Crystal at the Bloodcrystal, the Dawning Square portal, and the naga shrine at Greengill Coast.', 'Yes, yes. Let\'s have a look now, shall we?$B$BThings seem to be in order. Very well. Here is your translocator.$B$BIf any of your readings are faulty, there\'s no telling where you\'ll end up, and mind you, you\'ll only have yourself to blame.', 'Have you attuned the crystal yet, rogue?', '', 'Portal Reading Taken', 'Shrine Reading Taken', 'Bloodcrystal Reading Taken', '', 0, 0, 0, 34533, 0, 0, 0, 1, 0, 0, 0, 0, 0, 0, 0, 0, 0, 0, 0, 0, 0, 0, 0, 0, 0, 0, 0, 0, 0, 0, 0, 0, 0, 0, 0, 0, 0, 0, 0, 0, 35230, 0, 0, 0, 1, 0, 0, 0, 1077, 0, 0, 0, 0, 250, 0, 0, 0, 0, 0, 44000, 75900, 0, 0, 0, 0, 0, 0, 0, 0, 0, 0, 0, 0, 0, 21, 0, 0, 0, 0, 0, 0);

DELETE FROM `creature_questrelation` WHERE `quest` = 13038;
DELETE FROM `gameobject_questrelation` WHERE `quest` = 13038;
UPDATE `item_template` SET `StartQuest`=0 WHERE `StartQuest` = 13038;
INSERT INTO `creature_questrelation` (`id`, `quest`) VALUES (30395, 13038);
UPDATE `creature_template` SET `npcflag`=`npcflag`|2 WHERE `entry` = 30395;
DELETE FROM `creature_involvedrelation` WHERE `quest` = 13038;
DELETE FROM `gameobject_involvedrelation` WHERE `quest` = 13038;
INSERT INTO `creature_involvedrelation` (`id`, `quest`) VALUES (30381, 13038);
UPDATE `creature_template` SET `npcflag`=`npcflag`|2 WHERE `entry`=30381;
REPLACE INTO `quest_template` (`entry`, `Method`, `ZoneOrSort`, `SkillOrClass`, `MinLevel`, `QuestLevel`, `Type`, `RequiredRaces`, `RequiredSkillValue`, `RepObjectiveFaction`, `RepObjectiveValue`, `RequiredMinRepFaction`, `RequiredMinRepValue`, `RequiredMaxRepFaction`, `RequiredMaxRepValue`, `SuggestedPlayers`, `LimitTime`, `QuestFlags`, `SpecialFlags`, `CharTitleId`, `PlayersSlain`, `BonusTalents`, `PrevQuestId`, `NextQuestId`, `ExclusiveGroup`, `NextQuestInChain`, `SrcItemId`, `SrcItemCount`, `SrcSpell`, `Title`, `Details`, `Objectives`, `OfferRewardText`, `RequestItemsText`, `EndText`, `ObjectiveText1`, `ObjectiveText2`, `ObjectiveText3`, `ObjectiveText4`, `ReqItemId1`, `ReqItemId2`, `ReqItemId3`, `ReqItemId4`, `ReqItemCount1`, `ReqItemCount2`, `ReqItemCount3`, `ReqItemCount4`, `ReqSourceCount1`, `ReqSourceCount2`, `ReqSourceCount3`, `ReqSourceCount4`, `ReqSourceId1`, `ReqSourceId2`, `ReqSourceId3`, `ReqSourceId4`, `ReqCreatureOrGOId1`, `ReqCreatureOrGOId2`, `ReqCreatureOrGOId3`, `ReqCreatureOrGOId4`, `ReqCreatureOrGOCount1`, `ReqCreatureOrGOCount2`, `ReqCreatureOrGOCount3`, `ReqCreatureOrGOCount4`, `ReqSpellCast1`, `ReqSpellCast2`, `ReqSpellCast3`, `ReqSpellCast4`, `RewChoiceItemId1`, `RewChoiceItemId2`, `RewChoiceItemId3`, `RewChoiceItemId4`, `RewChoiceItemId5`, `RewChoiceItemId6`, `RewChoiceItemCount1`, `RewChoiceItemCount2`, `RewChoiceItemCount3`, `RewChoiceItemCount4`, `RewChoiceItemCount5`, `RewChoiceItemCount6`, `RewItemId1`, `RewItemId2`, `RewItemId3`, `RewItemId4`, `RewItemCount1`, `RewItemCount2`, `RewItemCount3`, `RewItemCount4`, `RewRepFaction1`, `RewRepFaction2`, `RewRepFaction3`, `RewRepFaction4`, `RewRepFaction5`, `RewRepValue1`, `RewRepValue2`, `RewRepValue3`, `RewRepValue4`, `RewRepValue5`, `RewHonorableKills`, `RewOrReqMoney`, `RewMoneyMaxLevel`, `RewSpell`, `RewSpellCast`, `RewMailTemplateId`, `RewMailDelaySecs`, `PointMapId`, `PointX`, `PointY`, `PointOpt`, `DetailsEmote1`, `DetailsEmote2`, `DetailsEmote3`, `DetailsEmote4`, `IncompleteEmote`, `CompleteEmote`, `OfferRewardEmote1`, `OfferRewardEmote2`, `OfferRewardEmote3`, `OfferRewardEmote4`, `StartScript`, `CompleteScript`) VALUES (13038, 2, 67, 0, 77, 80, 0, 690, 0, 0, 0, 0, 0, 0, 0, 0, 0, 0, 0, 0, 0, 0, 13037, 0, 0, 0, 42781, 1, 0, 'Distortions in Time', 'This, the tomb of Tunka\'lo\'s warriors, is supposed to be a serene place, free from the terror of the elements.$B$BFrostfloe Deep has been invaded by a strange force, one that disturbs the spirits of the fallen and blurs my memories of my own life.$B$BIt\'s as though our deeds and memories are being erased from history.$B$BIn life, this totem was a symbol of my authority. It is the last true link I have to this world. Take it, use it to restore calm to the tomb, and then return it to Camp Tunka\'lo.', 'Use the Chieftain\'s Totem to close 4 Frostfloe Rifts, then bring the totem to Xarantaur at Camp Tunka\'lo.', '', '', '', 'Frostfloe Rifts closed', '', '', '', 0, 42781, 0, 0, 0, 1, 0, 0, 0, 0, 0, 0, 0, 0, 0, 0, 0, 0, 0, 0, 0, 0, 0, 0, 0, 0, 0, 0, 0, 0, 0, 0, 0, 0, 0, 0, 0, 0, 0, 0, 0, 0, 0, 0, 0, 0, 0, 0, 1085, 0, 0, 0, 0, 250, 0, 0, 0, 0, 0, 74000, 132300, 0, 0, 0, 0, 0, 0, 0, 0, 0, 0, 0, 0, 0, 0, 0, 0, 0, 0, 0, 0);

DELETE FROM `creature_questrelation` WHERE `quest` = 11984;
DELETE FROM `gameobject_questrelation` WHERE `quest` = 11984;
UPDATE `item_template` SET `StartQuest`=0 WHERE `StartQuest` = 11984;
INSERT INTO `creature_questrelation` (`id`, `quest`) VALUES (26424, 11984);
UPDATE `creature_template` SET `npcflag`=`npcflag`|2 WHERE `entry` = 26424;
DELETE FROM `creature_involvedrelation` WHERE `quest` = 11984;
DELETE FROM `gameobject_involvedrelation` WHERE `quest` = 11984;
INSERT INTO `creature_involvedrelation` (`id`, `quest`) VALUES (26424, 11984);
UPDATE `creature_template` SET `npcflag`=`npcflag`|2 WHERE `entry`=26424;
REPLACE INTO `quest_template` (`entry`, `Method`, `ZoneOrSort`, `SkillOrClass`, `MinLevel`, `QuestLevel`, `Type`, `RequiredRaces`, `RequiredSkillValue`, `RepObjectiveFaction`, `RepObjectiveValue`, `RequiredMinRepFaction`, `RequiredMinRepValue`, `RequiredMaxRepFaction`, `RequiredMaxRepValue`, `SuggestedPlayers`, `LimitTime`, `QuestFlags`, `SpecialFlags`, `CharTitleId`, `PlayersSlain`, `BonusTalents`, `PrevQuestId`, `NextQuestId`, `ExclusiveGroup`, `NextQuestInChain`, `SrcItemId`, `SrcItemCount`, `SrcSpell`, `Title`, `Details`, `Objectives`, `OfferRewardText`, `RequestItemsText`, `EndText`, `ObjectiveText1`, `ObjectiveText2`, `ObjectiveText3`, `ObjectiveText4`, `ReqItemId1`, `ReqItemId2`, `ReqItemId3`, `ReqItemId4`, `ReqItemCount1`, `ReqItemCount2`, `ReqItemCount3`, `ReqItemCount4`, `ReqSourceCount1`, `ReqSourceCount2`, `ReqSourceCount3`, `ReqSourceCount4`, `ReqSourceId1`, `ReqSourceId2`, `ReqSourceId3`, `ReqSourceId4`, `ReqCreatureOrGOId1`, `ReqCreatureOrGOId2`, `ReqCreatureOrGOId3`, `ReqCreatureOrGOId4`, `ReqCreatureOrGOCount1`, `ReqCreatureOrGOCount2`, `ReqCreatureOrGOCount3`, `ReqCreatureOrGOCount4`, `ReqSpellCast1`, `ReqSpellCast2`, `ReqSpellCast3`, `ReqSpellCast4`, `RewChoiceItemId1`, `RewChoiceItemId2`, `RewChoiceItemId3`, `RewChoiceItemId4`, `RewChoiceItemId5`, `RewChoiceItemId6`, `RewChoiceItemCount1`, `RewChoiceItemCount2`, `RewChoiceItemCount3`, `RewChoiceItemCount4`, `RewChoiceItemCount5`, `RewChoiceItemCount6`, `RewItemId1`, `RewItemId2`, `RewItemId3`, `RewItemId4`, `RewItemCount1`, `RewItemCount2`, `RewItemCount3`, `RewItemCount4`, `RewRepFaction1`, `RewRepFaction2`, `RewRepFaction3`, `RewRepFaction4`, `RewRepFaction5`, `RewRepValue1`, `RewRepValue2`, `RewRepValue3`, `RewRepValue4`, `RewRepValue5`, `RewHonorableKills`, `RewOrReqMoney`, `RewMoneyMaxLevel`, `RewSpell`, `RewSpellCast`, `RewMailTemplateId`, `RewMailDelaySecs`, `PointMapId`, `PointX`, `PointY`, `PointOpt`, `DetailsEmote1`, `DetailsEmote2`, `DetailsEmote3`, `DetailsEmote4`, `IncompleteEmote`, `CompleteEmote`, `OfferRewardEmote1`, `OfferRewardEmote2`, `OfferRewardEmote3`, `OfferRewardEmote4`, `StartScript`, `CompleteScript`) VALUES (11984, 2, 394, 0, 73, 74, 0, 0, 0, 0, 0, 0, 0, 0, 0, 0, 0, 128, 0, 0, 0, 0, 12208, 0, 0, 0, 35736, 1, 0, 'Filling the Cages', '\'Ol Budd\'s seen better days.$b$bEver since our stay in Ghostlands he\'s been useless to us. We\'ve had to find ways to make it on our own, and today that means sellin\' trolls to the highest bidder.$b$bFortunately, we\'ve recently found a use for Budd. Something about his condition allows him to mingle with the local trolls, so we taught him a little game that\'s turned us a tidy profit.$b$bSee for yourself. Talk to Budd, take him southwest to Drak\' Zin Ruins and use this cage as soon as he tags a troll.', 'Samir at Granite Springs wants you to use the Bounty Hunter\'s Cage on a drakkari troll that\'s been stunned by Budd.', 'Great work, $C. Looks like we\'ll be keepin\' Budd around a little longer.$B$BWe\'ll have your cage picked up right away. Here\'s your share of the bounty.$B$BOh, and welcome to the camp. Stick around and I\'m sure we\'ll find a use for ya....', '', '', 'Captured Live Ice Troll', '', '', '', 0, 0, 0, 0, 0, 0, 0, 0, 0, 0, 0, 0, 0, 0, 0, 0, 0, 0, 0, 0, 0, 0, 0, 0, 0, 0, 0, 0, 39116, 39131, 39142, 39129, 39128, 39132, 1, 1, 1, 1, 1, 1, 0, 0, 0, 0, 0, 0, 0, 0, 0, 0, 0, 0, 0, 0, 0, 0, 0, 0, 0, 56000, 124500, 0, 0, 0, 0, 0, 0, 0, 0, 0, 0, 0, 0, 0, 0, 0, 0, 0, 0, 0, 0);

DELETE FROM `creature_questrelation` WHERE `quest` = 13214;
DELETE FROM `gameobject_questrelation` WHERE `quest` = 13214;
UPDATE `item_template` SET `StartQuest`=0 WHERE `StartQuest` = 13214;
INSERT INTO `creature_questrelation` (`id`, `quest`) VALUES (31135, 13214);
UPDATE `creature_template` SET `npcflag`=`npcflag`|2 WHERE `entry` = 31135;
DELETE FROM `creature_involvedrelation` WHERE `quest` = 13214;
DELETE FROM `gameobject_involvedrelation` WHERE `quest` = 13214;
INSERT INTO `creature_involvedrelation` (`id`, `quest`) VALUES (31154, 13214);
UPDATE `creature_template` SET `npcflag`=`npcflag`|2 WHERE `entry`=31154;
DELETE FROM `quest_start_scripts` WHERE `id`=13214;
INSERT INTO `quest_start_scripts` (`id`, `delay`, `command`, `datalong`, `datalong2`, `dataint`, `x`, `y`, `z`, `o`) VALUES 
(13214, 200, 2, 82, 2, '0', 0, 0, 0, 0),
(13214, 18, 10, 31196, 999000, '0', 8209.04, 3513.89, 624.878, 0.541821),
(13214, 17, 10, 31195, 999000, '0', 8206.22, 3517.69, 624.939, 0.60084),
(13214, 17, 10, 31191, 999000, '0', 8212.07, 3510.14, 625.221, 0.564712),
(13214, 16, 10, 31194, 999000, '0', 8210.63, 3522.17, 624.931, 0.489314),
(13214, 16, 10, 31193, 999000, '0', 8218.14, 3511.18, 625.357, 0.4901),
(13214, 15, 10, 31192, 999000, '0', 8214.49, 3517.18, 624.811, 0.541821),
(13214, 1, 2, 82, 0, '0', 0, 0, 0, 0);
REPLACE INTO `quest_template` (`entry`, `Method`, `ZoneOrSort`, `SkillOrClass`, `MinLevel`, `QuestLevel`, `Type`, `RequiredRaces`, `RequiredSkillValue`, `RepObjectiveFaction`, `RepObjectiveValue`, `RequiredMinRepFaction`, `RequiredMinRepValue`, `RequiredMaxRepFaction`, `RequiredMaxRepValue`, `SuggestedPlayers`, `LimitTime`, `QuestFlags`, `SpecialFlags`, `CharTitleId`, `PlayersSlain`, `BonusTalents`, `PrevQuestId`, `NextQuestId`, `ExclusiveGroup`, `NextQuestInChain`, `SrcItemId`, `SrcItemCount`, `SrcSpell`, `Title`, `Details`, `Objectives`, `OfferRewardText`, `RequestItemsText`, `EndText`, `ObjectiveText1`, `ObjectiveText2`, `ObjectiveText3`, `ObjectiveText4`, `ReqItemId1`, `ReqItemId2`, `ReqItemId3`, `ReqItemId4`, `ReqItemCount1`, `ReqItemCount2`, `ReqItemCount3`, `ReqItemCount4`, `ReqSourceCount1`, `ReqSourceCount2`, `ReqSourceCount3`, `ReqSourceCount4`, `ReqSourceId1`, `ReqSourceId2`, `ReqSourceId3`, `ReqSourceId4`, `ReqCreatureOrGOId1`, `ReqCreatureOrGOId2`, `ReqCreatureOrGOId3`, `ReqCreatureOrGOId4`, `ReqCreatureOrGOCount1`, `ReqCreatureOrGOCount2`, `ReqCreatureOrGOCount3`, `ReqCreatureOrGOCount4`, `ReqSpellCast1`, `ReqSpellCast2`, `ReqSpellCast3`, `ReqSpellCast4`, `RewChoiceItemId1`, `RewChoiceItemId2`, `RewChoiceItemId3`, `RewChoiceItemId4`, `RewChoiceItemId5`, `RewChoiceItemId6`, `RewChoiceItemCount1`, `RewChoiceItemCount2`, `RewChoiceItemCount3`, `RewChoiceItemCount4`, `RewChoiceItemCount5`, `RewChoiceItemCount6`, `RewItemId1`, `RewItemId2`, `RewItemId3`, `RewItemId4`, `RewItemCount1`, `RewItemCount2`, `RewItemCount3`, `RewItemCount4`, `RewRepFaction1`, `RewRepFaction2`, `RewRepFaction3`, `RewRepFaction4`, `RewRepFaction5`, `RewRepValue1`, `RewRepValue2`, `RewRepValue3`, `RewRepValue4`, `RewRepValue5`, `RewHonorableKills`, `RewOrReqMoney`, `RewMoneyMaxLevel`, `RewSpell`, `RewSpellCast`, `RewMailTemplateId`, `RewMailDelaySecs`, `PointMapId`, `PointX`, `PointY`, `PointOpt`, `DetailsEmote1`, `DetailsEmote2`, `DetailsEmote3`, `DetailsEmote4`, `IncompleteEmote`, `CompleteEmote`, `OfferRewardEmote1`, `OfferRewardEmote2`, `OfferRewardEmote3`, `OfferRewardEmote4`, `StartScript`, `CompleteScript`) VALUES (13214, 2, 210, 0, 78, 80, 1, 0, 0, 0, 0, 0, 0, 0, 0, 5, 0, 136, 0, 0, 0, 0, 13213, 0, 0, 0, 0, 0, 0, 'Battle at Valhalas: Fallen Heroes', 'If you believe yourself ready to begin then I have just the match for you to cut your teeth on.$B$BAnother group of outsiders thought themselves prepared for the rigors of Valhalas. They had much hubris, but in the end they fell like all of the others.$B$BIf you think yourselves so different -- if you think that you have the skill and experience to fight here amongst such storied warriors -- then please accept the challenge.', 'Geirrvif at Valhallas has challenged you to, in a single combat, defeat all six of the fallen heroes: Eldreth, Geness Half-Soul, Jhadras, Masud, Rith, and Talla.$B$BShould you succeed, speak with Gjonner the Merciless overlooking the southern lip of Valhalas.', '', '', '', 'Fallen Heroes Defeated', '', '', '', 0, 0, 0, 0, 0, 0, 0, 0, 0, 0, 0, 0, 0, 0, 0, 0, 0, 0, 0, 0, 0, 0, 0, 0, 0, 0, 0, 0, 0, 0, 0, 0, 0, 0, 0, 0, 0, 0, 0, 0, 0, 0, 0, 0, 0, 0, 0, 0, 0, 0, 0, 0, 0, 0, 0, 0, 0, 0, 0, 222000, 0, 0, 0, 0, 0, 0, 0, 0, 0, 0, 0, 0, 0, 0, 0, 0, 0, 0, 0, 13214, 0);

DELETE FROM `creature_questrelation` WHERE `quest` = 10911;
DELETE FROM `gameobject_questrelation` WHERE `quest` = 10911;
UPDATE `item_template` SET `StartQuest`=0 WHERE `StartQuest` = 10911;
INSERT INTO `creature_questrelation` (`id`, `quest`) VALUES (22423, 10911);
UPDATE `creature_template` SET `npcflag`=`npcflag`|2 WHERE `entry` = 22423;
DELETE FROM `creature_involvedrelation` WHERE `quest` = 10911;
DELETE FROM `gameobject_involvedrelation` WHERE `quest` = 10911;
INSERT INTO `creature_involvedrelation` (`id`, `quest`) VALUES (22423, 10911);
UPDATE `creature_template` SET `npcflag`=`npcflag`|2 WHERE `entry`=22423;
REPLACE INTO `quest_template` (`entry`, `Method`, `ZoneOrSort`, `SkillOrClass`, `MinLevel`, `QuestLevel`, `Type`, `RequiredRaces`, `RequiredSkillValue`, `RepObjectiveFaction`, `RepObjectiveValue`, `RequiredMinRepFaction`, `RequiredMinRepValue`, `RequiredMaxRepFaction`, `RequiredMaxRepValue`, `SuggestedPlayers`, `LimitTime`, `QuestFlags`, `SpecialFlags`, `CharTitleId`, `PlayersSlain`, `BonusTalents`, `PrevQuestId`, `NextQuestId`, `ExclusiveGroup`, `NextQuestInChain`, `SrcItemId`, `SrcItemCount`, `SrcSpell`, `Title`, `Details`, `Objectives`, `OfferRewardText`, `RequestItemsText`, `EndText`, `ObjectiveText1`, `ObjectiveText2`, `ObjectiveText3`, `ObjectiveText4`, `ReqItemId1`, `ReqItemId2`, `ReqItemId3`, `ReqItemId4`, `ReqItemCount1`, `ReqItemCount2`, `ReqItemCount3`, `ReqItemCount4`, `ReqSourceCount1`, `ReqSourceCount2`, `ReqSourceCount3`, `ReqSourceCount4`, `ReqSourceId1`, `ReqSourceId2`, `ReqSourceId3`, `ReqSourceId4`, `ReqCreatureOrGOId1`, `ReqCreatureOrGOId2`, `ReqCreatureOrGOId3`, `ReqCreatureOrGOId4`, `ReqCreatureOrGOCount1`, `ReqCreatureOrGOCount2`, `ReqCreatureOrGOCount3`, `ReqCreatureOrGOCount4`, `ReqSpellCast1`, `ReqSpellCast2`, `ReqSpellCast3`, `ReqSpellCast4`, `RewChoiceItemId1`, `RewChoiceItemId2`, `RewChoiceItemId3`, `RewChoiceItemId4`, `RewChoiceItemId5`, `RewChoiceItemId6`, `RewChoiceItemCount1`, `RewChoiceItemCount2`, `RewChoiceItemCount3`, `RewChoiceItemCount4`, `RewChoiceItemCount5`, `RewChoiceItemCount6`, `RewItemId1`, `RewItemId2`, `RewItemId3`, `RewItemId4`, `RewItemCount1`, `RewItemCount2`, `RewItemCount3`, `RewItemCount4`, `RewRepFaction1`, `RewRepFaction2`, `RewRepFaction3`, `RewRepFaction4`, `RewRepFaction5`, `RewRepValue1`, `RewRepValue2`, `RewRepValue3`, `RewRepValue4`, `RewRepValue5`, `RewHonorableKills`, `RewOrReqMoney`, `RewMoneyMaxLevel`, `RewSpell`, `RewSpellCast`, `RewMailTemplateId`, `RewMailDelaySecs`, `PointMapId`, `PointX`, `PointY`, `PointOpt`, `DetailsEmote1`, `DetailsEmote2`, `DetailsEmote3`, `DetailsEmote4`, `IncompleteEmote`, `CompleteEmote`, `OfferRewardEmote1`, `OfferRewardEmote2`, `OfferRewardEmote3`, `OfferRewardEmote4`, `StartScript`, `CompleteScript`) VALUES (10911, 2, 3522, 0, 66, 68, 0, 0, 0, 0, 0, 0, 0, 0, 0, 0, 0, 136, 0, 0, 0, 0, 10904, 0, 0, 10912, 31807, 1, 0, 'Fire At Will!', 'Now that the ammunition can affect the Burning Legion, it\'s time for you to use it.$B$BThere are two warp-gates, which are used for teleportation and enhancement of the void terrors.  One is in the south and the other in the north, and each is within range of a fel cannon.$B$BUse the naturalized ammunition to take control of each fel cannon and destroy the warp-gates.$B$BAttack the gate with artillery to begin, and be prepared to kill its defenders to keep the cannon alive if necessary.', 'Use the Naturalized Ammunition to take control of the Death\'s Door Fel Cannons.  Use them to destroy both the South Warp-Gate and the North Warp-Gate.  Then, use the Druid Signal to call out to an Evergrove Druid to report your success.', 'Your prowess is staggering!$B$BVery well, with the warp-gates out of the picture, there\'s only one thing left to do.', 'Have you destroyed both of the warp-gates yet?', '', 'South Warp-Gate Destroyed', 'North Warp-Gate Destroyed', '', '', 0, 0, 31807, 0, 0, 0, 1, 0, 0, 0, 0, 0, 0, 0, 0, 0, 0, 0, 0, 0, 0, 0, 0, 0, 0, 0, 0, 0, 0, 0, 0, 0, 0, 0, 0, 0, 0, 0, 0, 0, 0, 0, 0, 0, 0, 0, 0, 0, 942, 0, 0, 0, 0, 250, 0, 0, 0, 0, 0, 39000, 72000, 0, 0, 0, 0, 0, 0, 0, 0, 0, 0, 0, 0, 0, 1, 0, 0, 0, 0, 0, 0);

DELETE FROM `creature_questrelation` WHERE `quest` = 12587;
DELETE FROM `gameobject_questrelation` WHERE `quest` = 12587;
UPDATE `item_template` SET `StartQuest`=0 WHERE `StartQuest` = 12587;
INSERT INTO `creature_questrelation` (`id`, `quest`) VALUES (28039, 12587);
UPDATE `creature_template` SET `npcflag`=`npcflag`|2 WHERE `entry` = 28039;
DELETE FROM `creature_involvedrelation` WHERE `quest` = 12587;
DELETE FROM `gameobject_involvedrelation` WHERE `quest` = 12587;
INSERT INTO `creature_involvedrelation` (`id`, `quest`) VALUES (28039, 12587);
UPDATE `creature_template` SET `npcflag`=`npcflag`|2 WHERE `entry`=28039;
REPLACE INTO `quest_template` (`entry`, `Method`, `ZoneOrSort`, `SkillOrClass`, `MinLevel`, `QuestLevel`, `Type`, `RequiredRaces`, `RequiredSkillValue`, `RepObjectiveFaction`, `RepObjectiveValue`, `RequiredMinRepFaction`, `RequiredMinRepValue`, `RequiredMaxRepFaction`, `RequiredMaxRepValue`, `SuggestedPlayers`, `LimitTime`, `QuestFlags`, `SpecialFlags`, `CharTitleId`, `PlayersSlain`, `BonusTalents`, `PrevQuestId`, `NextQuestId`, `ExclusiveGroup`, `NextQuestInChain`, `SrcItemId`, `SrcItemCount`, `SrcSpell`, `Title`, `Details`, `Objectives`, `OfferRewardText`, `RequestItemsText`, `EndText`, `ObjectiveText1`, `ObjectiveText2`, `ObjectiveText3`, `ObjectiveText4`, `ReqItemId1`, `ReqItemId2`, `ReqItemId3`, `ReqItemId4`, `ReqItemCount1`, `ReqItemCount2`, `ReqItemCount3`, `ReqItemCount4`, `ReqSourceCount1`, `ReqSourceCount2`, `ReqSourceCount3`, `ReqSourceCount4`, `ReqSourceId1`, `ReqSourceId2`, `ReqSourceId3`, `ReqSourceId4`, `ReqCreatureOrGOId1`, `ReqCreatureOrGOId2`, `ReqCreatureOrGOId3`, `ReqCreatureOrGOId4`, `ReqCreatureOrGOCount1`, `ReqCreatureOrGOCount2`, `ReqCreatureOrGOCount3`, `ReqCreatureOrGOCount4`, `ReqSpellCast1`, `ReqSpellCast2`, `ReqSpellCast3`, `ReqSpellCast4`, `RewChoiceItemId1`, `RewChoiceItemId2`, `RewChoiceItemId3`, `RewChoiceItemId4`, `RewChoiceItemId5`, `RewChoiceItemId6`, `RewChoiceItemCount1`, `RewChoiceItemCount2`, `RewChoiceItemCount3`, `RewChoiceItemCount4`, `RewChoiceItemCount5`, `RewChoiceItemCount6`, `RewItemId1`, `RewItemId2`, `RewItemId3`, `RewItemId4`, `RewItemCount1`, `RewItemCount2`, `RewItemCount3`, `RewItemCount4`, `RewRepFaction1`, `RewRepFaction2`, `RewRepFaction3`, `RewRepFaction4`, `RewRepFaction5`, `RewRepValue1`, `RewRepValue2`, `RewRepValue3`, `RewRepValue4`, `RewRepValue5`, `RewHonorableKills`, `RewOrReqMoney`, `RewMoneyMaxLevel`, `RewSpell`, `RewSpellCast`, `RewMailTemplateId`, `RewMailDelaySecs`, `PointMapId`, `PointX`, `PointY`, `PointOpt`, `DetailsEmote1`, `DetailsEmote2`, `DetailsEmote3`, `DetailsEmote4`, `IncompleteEmote`, `CompleteEmote`, `OfferRewardEmote1`, `OfferRewardEmote2`, `OfferRewardEmote3`, `OfferRewardEmote4`, `StartScript`, `CompleteScript`) VALUES (12587, 2, 66, 0, 75, 76, 0, 0, 0, 0, 0, 0, 0, 0, 0, 0, 0, 4224, 1, 0, 0, 0, 0, 0, 0, 0, 0, 0, 0, 'Troll Patrol', 'Unsheathe that weapon, $r. It\'s time to go on patrol!$b$bI\'ve got four posts under my command and it\'s crucial to our success that they remain in our control. I\'m ordering you to visit each of them and offer your assistance.$b$bYou can begin with Captain Brandon southeast of here. He\'ll direct you to the next post when he\'s finished with you.$b$bReport back to me once you\'ve assisted each of my men. And remember, you\'ll be more richly rewarded for returning to me quickly - so double-time it!$b$bDismissed!', 'Commander Kunz at the Argent Stand wants you to visit the four Argent Crusade posts, follow their captain\'s orders, and then return and report to him.$b$bCaptain Brandon and Captain Rupert are posted at Drak\'Sotra, Captain Grondel is posted in Drak\'Agal, and Alchemist Finklestein is posted in Heb\'valok.', '', '', '', 'Captain Brandon\'s Task', 'Captain Rupert\'s Task', 'Captain Grondel\'s Task', 'Alchemist Finklestein\'s Task', 0, 0, 0, 0, 0, 0, 0, 0, 0, 0, 0, 0, 0, 0, 0, 0, 0, 0, 0, 0, 0, 0, 0, 0, 0, 0, 0, 0, 0, 0, 0, 0, 0, 0, 0, 0, 0, 0, 0, 0, 0, 0, 0, 0, 0, 0, 0, 0, 1106, 0, 0, 0, 0, 350, 0, 0, 0, 0, 0, 62000, 126900, 0, 0, 0, 0, 0, 0, 0, 0, 0, 0, 0, 0, 0, 0, 0, 0, 0, 0, 0, 0);

DELETE FROM `creature_questrelation` WHERE `quest` = 1249;
DELETE FROM `gameobject_questrelation` WHERE `quest` = 1249;
UPDATE `item_template` SET `StartQuest`=0 WHERE `StartQuest` = 1249;
INSERT INTO `creature_questrelation` (`id`, `quest`) VALUES (4963, 1249);
UPDATE `creature_template` SET `npcflag`=`npcflag`|2 WHERE `entry` = 4963;
DELETE FROM `creature_involvedrelation` WHERE `quest` = 1249;
DELETE FROM `gameobject_involvedrelation` WHERE `quest` = 1249;
INSERT INTO `creature_involvedrelation` (`id`, `quest`) VALUES (4963, 1249);
UPDATE `creature_template` SET `npcflag`=`npcflag`|2 WHERE `entry`=4963;
DELETE FROM `quest_start_scripts` WHERE `id`=1249;
INSERT INTO `quest_start_scripts` (`id`, `delay`, `command`, `datalong`, `datalong2`, `dataint`, `x`, `y`, `z`, `o`) VALUES 
(1249, 3, 10, 45000, 180000, '0', -3809, -825, 10.094, 4.661),
(1249, 3, 10, 4971, 180000, '0', -3808, -825, 10.094, 5.521);
DELETE FROM `quest_end_scripts` WHERE `id`=1249;
INSERT INTO `quest_end_scripts` (`id`, `delay`, `command`, `datalong`, `datalong2`, `dataint`, `x`, `y`, `z`, `o`) VALUES 
(1249, 5, 10, 4962, 180000, '0', -3808, -825, 10.094, 5.521);
REPLACE INTO `quest_template` (`entry`, `Method`, `ZoneOrSort`, `SkillOrClass`, `MinLevel`, `QuestLevel`, `Type`, `RequiredRaces`, `RequiredSkillValue`, `RepObjectiveFaction`, `RepObjectiveValue`, `RequiredMinRepFaction`, `RequiredMinRepValue`, `RequiredMaxRepFaction`, `RequiredMaxRepValue`, `SuggestedPlayers`, `LimitTime`, `QuestFlags`, `SpecialFlags`, `CharTitleId`, `PlayersSlain`, `BonusTalents`, `PrevQuestId`, `NextQuestId`, `ExclusiveGroup`, `NextQuestInChain`, `SrcItemId`, `SrcItemCount`, `SrcSpell`, `Title`, `Details`, `Objectives`, `OfferRewardText`, `RequestItemsText`, `EndText`, `ObjectiveText1`, `ObjectiveText2`, `ObjectiveText3`, `ObjectiveText4`, `ReqItemId1`, `ReqItemId2`, `ReqItemId3`, `ReqItemId4`, `ReqItemCount1`, `ReqItemCount2`, `ReqItemCount3`, `ReqItemCount4`, `ReqSourceCount1`, `ReqSourceCount2`, `ReqSourceCount3`, `ReqSourceCount4`, `ReqSourceId1`, `ReqSourceId2`, `ReqSourceId3`, `ReqSourceId4`, `ReqCreatureOrGOId1`, `ReqCreatureOrGOId2`, `ReqCreatureOrGOId3`, `ReqCreatureOrGOId4`, `ReqCreatureOrGOCount1`, `ReqCreatureOrGOCount2`, `ReqCreatureOrGOCount3`, `ReqCreatureOrGOCount4`, `ReqSpellCast1`, `ReqSpellCast2`, `ReqSpellCast3`, `ReqSpellCast4`, `RewChoiceItemId1`, `RewChoiceItemId2`, `RewChoiceItemId3`, `RewChoiceItemId4`, `RewChoiceItemId5`, `RewChoiceItemId6`, `RewChoiceItemCount1`, `RewChoiceItemCount2`, `RewChoiceItemCount3`, `RewChoiceItemCount4`, `RewChoiceItemCount5`, `RewChoiceItemCount6`, `RewItemId1`, `RewItemId2`, `RewItemId3`, `RewItemId4`, `RewItemCount1`, `RewItemCount2`, `RewItemCount3`, `RewItemCount4`, `RewRepFaction1`, `RewRepFaction2`, `RewRepFaction3`, `RewRepFaction4`, `RewRepFaction5`, `RewRepValue1`, `RewRepValue2`, `RewRepValue3`, `RewRepValue4`, `RewRepValue5`, `RewHonorableKills`, `RewOrReqMoney`, `RewMoneyMaxLevel`, `RewSpell`, `RewSpellCast`, `RewMailTemplateId`, `RewMailDelaySecs`, `PointMapId`, `PointX`, `PointY`, `PointOpt`, `DetailsEmote1`, `DetailsEmote2`, `DetailsEmote3`, `DetailsEmote4`, `IncompleteEmote`, `CompleteEmote`, `OfferRewardEmote1`, `OfferRewardEmote2`, `OfferRewardEmote3`, `OfferRewardEmote4`, `StartScript`, `CompleteScript`) VALUES (1249, 2, 1519, 0, 28, 33, 0, 1101, 0, 0, 0, 0, 0, 0, 0, 0, 0, 0, 0, 0, 0, 0, 1248, 1250, 0, 0, 0, 0, 0, 'The Missing Diplomat', 'You say Elling sent you here? Well then, the hospitality I expressed is now tenfold. Anything you need, just ask. I will do my best to aid you.$B$BHmm, Slim, you say? Not sure the name sounds familiar, but I\'ll keep my eyes out for him.$B$BDon\'t look now, $N, but the gentleman over by the exit is looking over here. He\'s listening to our conversation a little too intently if you catch my meaning? If I were you, I\'d do what you can to subdue him before he makes a break for the door.', 'Subdue Tapoke Jahn before he escapes, and then return to Mikhail in Menethil.', 'Caught him, huh? Good for you. I\'m surprised that was Slim.$B$BI\'ll be honest, I never thought I\'d miss the excitement of some of the more devious underground activities. I guess old habits die hard. Don\'t mention that to Elling--he\'d probably try and get me to come back to Stormwind if he heard I missed the action.$B$BI\'m glad I could at least be of a little service to you while you were in Menethil. If you need anything else, just ask.', '', 'Defeat Tapoke Jahn', '', '', '', '', 0, 0, 0, 0, 0, 0, 0, 0, 0, 0, 0, 0, 0, 0, 0, 0, 0, 0, 0, 0, 0, 0, 0, 0, 0, 0, 0, 0, 0, 0, 0, 0, 0, 0, 0, 0, 0, 0, 0, 0, 0, 0, 0, 0, 0, 0, 0, 0, 69, 54, 930, 47, 72, 19, 19, 19, 19, 19, 0, 0, 8700, 0, 0, 0, 0, 0, 0, 0, 0, 0, 0, 0, 0, 0, 1, 0, 0, 0, 0, 1249, 1249);

DELETE FROM `creature_questrelation` WHERE `quest` = 781;
DELETE FROM `gameobject_questrelation` WHERE `quest` = 781;
UPDATE `item_template` SET `StartQuest`=0 WHERE `StartQuest` = 781;
UPDATE `item_template` SET `startquest`=781 WHERE `entry` = 4851;
DELETE FROM `creature_involvedrelation` WHERE `quest` = 781;
DELETE FROM `gameobject_involvedrelation` WHERE `quest` = 781;
INSERT INTO `creature_involvedrelation` (`id`, `quest`) VALUES (2981, 781);
UPDATE `creature_template` SET `npcflag`=`npcflag`|2 WHERE `entry`=2981;
REPLACE INTO `quest_template` (`entry`, `Method`, `ZoneOrSort`, `SkillOrClass`, `MinLevel`, `QuestLevel`, `Type`, `RequiredRaces`, `RequiredSkillValue`, `RepObjectiveFaction`, `RepObjectiveValue`, `RequiredMinRepFaction`, `RequiredMinRepValue`, `RequiredMaxRepFaction`, `RequiredMaxRepValue`, `SuggestedPlayers`, `LimitTime`, `QuestFlags`, `SpecialFlags`, `CharTitleId`, `PlayersSlain`, `BonusTalents`, `PrevQuestId`, `NextQuestId`, `ExclusiveGroup`, `NextQuestInChain`, `SrcItemId`, `SrcItemCount`, `SrcSpell`, `Title`, `Details`, `Objectives`, `OfferRewardText`, `RequestItemsText`, `EndText`, `ObjectiveText1`, `ObjectiveText2`, `ObjectiveText3`, `ObjectiveText4`, `ReqItemId1`, `ReqItemId2`, `ReqItemId3`, `ReqItemId4`, `ReqItemCount1`, `ReqItemCount2`, `ReqItemCount3`, `ReqItemCount4`, `ReqSourceCount1`, `ReqSourceCount2`, `ReqSourceCount3`, `ReqSourceCount4`, `ReqSourceId1`, `ReqSourceId2`, `ReqSourceId3`, `ReqSourceId4`, `ReqCreatureOrGOId1`, `ReqCreatureOrGOId2`, `ReqCreatureOrGOId3`, `ReqCreatureOrGOId4`, `ReqCreatureOrGOCount1`, `ReqCreatureOrGOCount2`, `ReqCreatureOrGOCount3`, `ReqCreatureOrGOCount4`, `ReqSpellCast1`, `ReqSpellCast2`, `ReqSpellCast3`, `ReqSpellCast4`, `RewChoiceItemId1`, `RewChoiceItemId2`, `RewChoiceItemId3`, `RewChoiceItemId4`, `RewChoiceItemId5`, `RewChoiceItemId6`, `RewChoiceItemCount1`, `RewChoiceItemCount2`, `RewChoiceItemCount3`, `RewChoiceItemCount4`, `RewChoiceItemCount5`, `RewChoiceItemCount6`, `RewItemId1`, `RewItemId2`, `RewItemId3`, `RewItemId4`, `RewItemCount1`, `RewItemCount2`, `RewItemCount3`, `RewItemCount4`, `RewRepFaction1`, `RewRepFaction2`, `RewRepFaction3`, `RewRepFaction4`, `RewRepFaction5`, `RewRepValue1`, `RewRepValue2`, `RewRepValue3`, `RewRepValue4`, `RewRepValue5`, `RewHonorableKills`, `RewOrReqMoney`, `RewMoneyMaxLevel`, `RewSpell`, `RewSpellCast`, `RewMailTemplateId`, `RewMailDelaySecs`, `PointMapId`, `PointX`, `PointY`, `PointOpt`, `DetailsEmote1`, `DetailsEmote2`, `DetailsEmote3`, `DetailsEmote4`, `IncompleteEmote`, `CompleteEmote`, `OfferRewardEmote1`, `OfferRewardEmote2`, `OfferRewardEmote3`, `OfferRewardEmote4`, `StartScript`, `CompleteScript`) VALUES (781, 2, 220, 0, 1, 4, 0, 690, 0, 0, 0, 0, 0, 0, 0, 0, 0, 0, 0, 0, 0, 0, 0, 0, 0, 0, 4850, 1, 0, 'Attack on Camp Narache', 'After carefully evaluating the map. you realize that what you discovered are the plans made by the Bristleback warchief for an extended siege on Camp Narache.$B$BSurely Chief Hawkwind could use this information!', 'Bring the Bristleback Attack Plans to Chief Hawkwind in Camp Narache.', 'This is quite alarming indeed! But with this information we can call on our brethren from Bloodhoof Village to help thwart the attack. You have saved the lives of many tauren. $N.', 'You have a look of concern about you. $N. What news do you bring?', '', '', '', '', '', 4850, 0, 0, 0, 1, 0, 0, 0, 0, 0, 0, 0, 0, 0, 0, 0, 0, 0, 0, 0, 0, 0, 0, 0, 0, 0, 0, 0, 0, 0, 0, 0, 0, 0, 0, 0, 0, 0, 0, 0, 4911, 0, 0, 0, 1, 0, 0, 0, 81, 0, 0, 0, 0, 250, 0, 0, 0, 0, 0, 0, 216, 0, 0, 0, 0, 0, 0, 0, 0, 0, 0, 0, 0, 0, 1, 0, 0, 0, 0, 0, 0);

